id,lock_version,json_schema_version,repo_id,accession_id,"title","identifier",language_id,level_id,"other_level",resource_type_id,publish,restrictions,"repository_processing_note","ead_id","ead_location","finding_aid_title","finding_aid_filing_title","finding_aid_date","finding_aid_author",finding_aid_description_rules_id,"finding_aid_language","finding_aid_sponsor","finding_aid_edition_statement","finding_aid_series_statement",finding_aid_status_id,"finding_aid_note",system_generated,"created_by","last_modified_by","create_time","system_mtime","user_mtime",suppressed,"finding_aid_subtitle","finding_aid_sponsor_sha1"
1,16,1,2,NULL,"Test record &","[\"MSS Test\",null,null,null]",515,889,NULL,335,1,0,NULL,"DLC_MSSTest",NULL,"Register of Test records","Test records","2015 December 17","Test Writer",338,"English",NULL,NULL,NULL,341,NULL,0,"admin","admin","2015-12-17 22:35:26","2017-07-13 22:14:21","2017-04-10 17:43:28",0,NULL,NULL
10,11,1,2,NULL,"asfdasd","[\"asda\",null,null,null]",515,896,NULL,NULL,0,0,"hobocamp",NULL,NULL,NULL,NULL,NULL,NULL,NULL,NULL,NULL,NULL,NULL,NULL,NULL,0,"admin","admin","2016-01-11 11:46:41","2017-07-13 22:14:21","2017-04-25 15:24:22",0,NULL,NULL
16,2,1,3,NULL,"dao-plus-agent-test-for-export'n","[\"di\",\"sk\",\"sp\",\"ace\"]",NULL,889,NULL,NULL,1,0,NULL,NULL,NULL,NULL,NULL,NULL,NULL,NULL,NULL,NULL,NULL,NULL,NULL,NULL,0,"admin","admin","2016-01-20 14:29:55","2017-07-13 22:14:21","2016-04-07 18:35:38",0,NULL,NULL
17,1,1,3,NULL,"search test","[\"Zzx8y\",null,null,null]",NULL,891,NULL,NULL,1,0,NULL,"9b9",NULL,NULL,NULL,NULL,NULL,NULL,NULL,NULL,NULL,NULL,NULL,NULL,0,"admin","admin","2016-01-20 17:13:22","2017-07-13 22:14:21","2016-01-20 17:17:20",0,NULL,NULL
19,0,1,3,NULL,"Jean Louis Berlandier papers","[\"WA MSS S-300-325.328-331\",null,null,null]",515,889,NULL,NULL,1,0,NULL,"beinecke.berlandi","http://hdl.handle.net/10079/fa/beinecke.berlandi","Guide to the Jean Louis Berlandier Papers <num>WA MSS S-300-325.328-331</num>","Berlandier (Jean Louis) Papers",NULL,"by Beinecke Staff",1826,"Finding aid written in <language langcode=\"eng\" scriptcode=\"Latn\">English</language>",NULL,NULL,NULL,NULL,"This finding aid, which is compliant with the Yale EAD Best Practice Guidelines, Version 1.0., has a MARC record in Yale's ILS with the following bib number: <num type=\"Orbis-bib\">3186796</num>.",0,"admin","admin","2016-01-24 13:21:29","2017-07-13 22:14:21","2016-01-24 13:21:29",0,NULL,NULL
20,8,1,2,NULL,"Great Northern Paper Company Records","[\"SpC MS 0210\",null,null,null]",515,889,NULL,NULL,1,0,NULL,"SpC MS 0210","http://www.library.umaine.edu/speccoll/FindingAids/GreatNorthernPaper.htm","Guide to the Great Northern Paper Company Records <num>SpC MS 0210</num>","Great Northern Paper Company Records","November 2015",NULL,1791,"Finding aid written in<language langcode=\"eng\"> English.</language>",NULL,NULL,NULL,NULL,NULL,0,"admin","admin","2016-01-28 12:59:15","2017-07-13 22:14:21","2017-04-11 12:48:50",0,NULL,NULL
21,8,1,2,NULL,"Current Events Club records","[\"SpC MS 0121\",\"1\",\"1\",\"1\"]",515,889,NULL,335,1,0,NULL,"SpC MS 0121","http://www.library.umaine.edu/speccoll/FindingAids/Cecbox19.htm","Guide to the Current Events Club Records <num>SpC MS 0121</num>","Current Events Club Records","2012","Desiree Butterfield-Nagy. Revised by Elizabeth Russell.",1791,"Finding aid written in <language langcode=\"eng\"> English.</language>",NULL,"Records of the Current Events Club of Gardiner, Maine that date back to 1892. Including histories of the Club, financial records, correspondence, minutes, clippings, and pamphlets covering members and activities.

Records of the Current Events Club of Gardiner, Maine that date back to 1892. Including histories of the Club, financial records, correspondence, minutes, clippings, and pamphlets covering members and activities.

Records of the Current Events Club of Gardiner, Maine that date back to 1892. Including histories of the Club, financial records, correspondence, minutes, clippings, and pamphlets covering members and activities.

Records of the Current Events Club of Gardiner, Maine that date back to 1892. Including histories of the Club, financial records, correspondence, minutes, clippings, and pamphlets covering members and activities.

Records of the Current Events Club of Gardiner, Maine that date back to 1892. Including histories of the Club, financial records, correspondence, minutes, clippings, and pamphlets covering members and activities.

Records of the Current Events Club of Gardiner, Maine that date back to 1892. Including histories of the Club, financial records, correspondence, minutes, clippings, and pamphlets covering members and activities.

Records of the Current Events Club of Gardiner, Maine that date back to 1892. Including histories of the Club, financial records, correspondence, minutes, clippings, and pamphlets covering members and activities.

Records of the Current Events Club of Gardiner, Maine that date back to 1892. Including histories of the Club, financial records, correspondence, minutes, clippings, and pamphlets covering members and activities.

Records of the Current Events Club of Gardiner, Maine that date back to 1892. Including histories of the Club, financial records, correspondence, minutes, clippings, and pamphlets covering members and activities.",NULL,NULL,NULL,0,"admin","admin","2016-01-28 12:59:38","2017-07-13 22:14:21","2017-04-11 15:27:06",0,NULL,NULL
23,9,1,2,NULL,"Nicole Di Bona Peterson Collection of Advertising Cookbooks","[\"RL.01019\",null,null,null]",515,889,NULL,NULL,1,0,NULL,"petersoncookbooks","http://library.duke.edu/rubenstein/findingaids/petersoncookbooks/","Guide to the Nicole Di Bona Peterson Collection of Advertising Cookbooks, 1850s-2000s <num>RL.01019</num>",NULL,"2010","Noah Huffman, Rick Collier",1791,"English",NULL,NULL,NULL,NULL,"Aleph Number: <num type=\"aleph\">002525270</num>",0,"admin","admin","2016-02-03 16:29:16","2017-07-13 22:14:21","2017-04-05 18:03:09",0,NULL,NULL
24,12,1,2,NULL,"New accession resource","[\"id\",null,null,null]",515,889,NULL,NULL,0,0,NULL,NULL,NULL,NULL,NULL,NULL,NULL,NULL,NULL,NULL,NULL,NULL,NULL,NULL,0,"admin","admin","2016-02-03 21:13:02","2017-07-13 22:14:21","2017-04-06 18:09:48",0,NULL,NULL
25,5,1,2,NULL,"<emph>Company D, 1st Infantry Regiment Records</emph>","[\"Mss 8.PH 5\",null,null,null]",515,889,NULL,NULL,1,0,NULL,NULL,NULL,"Company D, 1st Infantry Regiment Records<num>Mss 8.PH 5</num>",NULL,"1/6/2015","Chad Conrady",1791,NULL,NULL,NULL,NULL,NULL,NULL,0,"admin","admin","2016-02-04 15:02:11","2017-07-13 22:14:21","2017-04-06 18:38:38",0,NULL,NULL
26,4,1,2,NULL,"Test for a test that needs testing","[\"gggggggggggg\",null,null,null]",395,889,NULL,NULL,1,0,NULL,NULL,NULL,NULL,NULL,NULL,NULL,NULL,NULL,NULL,NULL,NULL,NULL,NULL,0,"admin","admin","2016-02-04 22:43:08","2017-07-13 22:14:21","2017-04-10 18:22:58",0,NULL,NULL
27,1,1,2,NULL,"Testing RDE tool","[\"RDE test\",null,null,null]",515,889,NULL,NULL,0,0,NULL,NULL,NULL,NULL,NULL,NULL,NULL,NULL,NULL,NULL,NULL,NULL,NULL,NULL,0,"admin","admin","2016-02-05 14:41:35","2017-07-13 22:14:21","2016-06-23 08:26:05",0,NULL,NULL
28,9,1,10,NULL,"DO Test","[\"999999999\",null,null,null]",517,889,NULL,NULL,1,0,NULL,NULL,NULL,NULL,NULL,NULL,NULL,NULL,NULL,NULL,NULL,NULL,NULL,NULL,0,"admin","admin","2016-02-05 19:51:53","2017-07-13 22:14:21","2016-07-05 13:33:55",0,NULL,NULL
30,1,1,2,NULL,"b053ef76-4b28-4e4d-9e4a-c48b80dcb543","[\"d72ac2a1-6e7d-4370-90ff-b30353a62bce\",null,null,null]",515,889,NULL,NULL,1,0,NULL,"a9172317-17ec-46e8-9897-1fea6c91cea1",NULL,"Proper Title","Filing Title","44baf1e1-9997-4516-8c6a-b1a626c4f565","c586b1b2-b0c7-45dd-b0c3-c1673945a5a3",NULL,"7ca1e23f-aa5f-4c36-921d-328735288840<language>76454efc-bad9-4034-a7cd-51986cd752ce</language>",NULL,NULL,NULL,NULL,NULL,0,"admin","admin","2016-02-05 21:36:06","2017-07-13 22:14:21","2016-02-05 21:36:06",0,"c64812e6-d759-4529-b6bd-2dcc3eb26d77<num type=\"collectionnumber\">54434dad-4c35-4ef1-9f4d-8777e0de1bc7</num>",NULL
31,1,1,2,NULL,"United Artists (New York, N.Y.) Records,","[\"MSS 0012\",null,null,null]",515,889,NULL,NULL,1,0,NULL,"mss0012.xml",NULL,"United Artists (New York, N.Y.) Records","United Artists (New York, N.Y.) Records","Copyright 2005","Mandeville Special Collections Library",NULL,"Description is in <language langcode=\"eng\" scriptcode=\"latn\">English.</language>",NULL,NULL,NULL,NULL,NULL,0,"admin","admin","2016-02-05 21:39:26","2017-07-13 22:14:21","2017-01-27 18:46:20",0,"SUBTITLE",NULL
32,0,1,2,NULL,"Testing resource for AR-1197","[\"Mss 1892\",null,null,null]",515,889,NULL,332,0,0,NULL,NULL,NULL,NULL,NULL,NULL,NULL,NULL,NULL,NULL,NULL,NULL,NULL,NULL,0,"admin","admin","2016-02-06 22:46:30","2017-07-13 22:14:21","2016-02-06 22:46:30",0,NULL,NULL
34,7,1,2,NULL,"Wayward Family papers","[\"YNHSC.MSS.1776\",null,null,null]",515,889,NULL,NULL,1,0,NULL,"mss1776.xml","http:library.carpediem.edu/ynhsc/mss1776.xml","Wayward Family papers <num>YNHSC.MSS.1776</num>",NULL,NULL,NULL,1791,"English",NULL,NULL,NULL,NULL,NULL,0,"admin","admin","2016-02-10 13:39:42","2017-07-13 22:14:21","2017-04-06 19:18:17",0,NULL,NULL
35,8,1,2,NULL,"Communist Party of the United States of America Records","[\"imported-7d345e16-0d1a-4fa4-a223-901aa761738a\",null,null,null]",515,889,NULL,NULL,0,0,NULL,NULL,NULL,NULL,NULL,NULL,NULL,338,NULL,NULL,NULL,NULL,NULL,NULL,0,"admin","admin","2016-02-10 13:45:10","2017-07-13 22:14:21","2016-06-27 13:39:43",0,NULL,NULL
37,0,1,2,NULL,"Resource--<title render=\"italic\">Title</title>-AT","[\"Resource.ID.AT\",null,null,null]",515,889,NULL,NULL,1,0,NULL,"Resource-EAD-ID-AT","Resource-EAD-Location-AT","Resource-FindingAidTitle-AT <num>Resource.ID.AT</num>","Resource-FindingAidFilingTitle-AT","Resource-FindingAidDate-AT","Finding aid prepared by Resource-FindingAidAuthor-AT",1791,"Resource-FindingAidLanguage-AT","Resource-Sponsor-AT","Resource-FindingAidEdition-AT","Resource-FindingAidSeries-AT",NULL,"Resource-FindingAidNote-AT

Resource-FindingAidNote-AT2

Resource-FindingAidNote-AT3

Resource-FindingAidNote-AT4",0,"admin","admin","2016-02-11 16:07:48","2017-07-13 22:14:21","2016-02-11 16:07:48",0,"Resource-FindingAidSubTitle-AT","0d368dd5e981513abc967f3caad8422119a560c5"
39,1,1,2,NULL,"Thom Williamson Papers","[\"MG 11\",null,null,null]",515,889,NULL,332,1,0,NULL,NULL,NULL,"Thom Williamson Papers","Williamson, Thom",NULL,"Dr. James R. Sweeney",1791,"English",NULL,NULL,NULL,NULL,NULL,0,"admin","admin","2016-02-22 01:40:01","2017-07-13 22:14:21","2016-02-22 01:40:38",0,NULL,NULL
40,1,1,5,NULL,"Henry E. Howell, Jr. Papers","[\"MG 1\",null,null,null]",NULL,889,NULL,332,1,0,NULL,NULL,NULL,NULL,"Henry E. Howell, Jr. Papers",NULL,NULL,NULL,"English",NULL,NULL,NULL,NULL,NULL,0,"admin","admin","2016-02-22 01:46:14","2017-07-13 22:14:21","2016-04-15 07:37:02",0,NULL,NULL
41,8,1,2,NULL,"Test record &","[\"Container Test\",null,null,null]",515,889,NULL,NULL,1,0,NULL,"container_import",NULL,"Container Import <num>Import Test</num>","Container Import Test","2016 February 23","Test Writer",1791,"English",NULL,NULL,NULL,NULL,NULL,0,"admin","admin","2016-02-23 16:58:41","2017-07-13 22:14:21","2017-05-08 18:14:59",0,NULL,NULL
45,4,1,2,NULL,"Aperture Labs Records","[\"1234\",\"abcd\",null,null]",515,889,NULL,NULL,1,0,NULL,NULL,NULL,"Aperture Labs Records<num>1234.abcd</num> <num>1234.abcd</num>",NULL,NULL,NULL,NULL,NULL,NULL,NULL,NULL,NULL,NULL,0,"admin","admin","2016-02-23 19:23:43","2017-07-13 22:14:21","2017-02-15 21:28:19",0,NULL,NULL
47,2,1,2,NULL,"25 Under 25 photographs","[\"RL.00002-test\",null,null,null]",515,889,NULL,NULL,1,0,NULL,"25under25-denested","http://library.duke.edu/rubenstein/findingaids/25under25/","Guide to the 25 Under 25 Photographs, 2003",NULL,"2010","Processed by: Meghan Lyon; machine-readable finding aid created by: Meghan Lyon",1791,"English",NULL,NULL,NULL,NULL,"Aleph Number: <num type=\"aleph\">004624351</num>",0,"admin","admin","2016-02-29 20:53:37","2017-07-13 22:14:21","2017-01-25 18:42:22",0,NULL,NULL
48,8,1,2,NULL,"Super Tuesday records","[\"SUPER\",\"2016\",null,null]",NULL,889,NULL,NULL,0,0,NULL,NULL,NULL,NULL,NULL,NULL,NULL,NULL,NULL,NULL,NULL,NULL,NULL,NULL,0,"admin","admin","2016-03-01 19:10:04","2017-07-13 22:14:21","2016-03-01 19:10:47",0,NULL,NULL
49,0,1,2,NULL,"Joe Brainard Archive,","[\"MSS 0005\",null,null,null]",515,889,NULL,NULL,1,0,NULL,"mss0005.xml",NULL,"Joe Brainard Archive","Brainard (Joe) Archive","Copyright 2005","Mandeville Special Collections Library",NULL,"Description is in <language langcode=\"eng\" scriptcode=\"latn\">English.</language>",NULL,NULL,NULL,NULL,NULL,0,"admin","admin","2016-03-03 19:13:55","2017-07-13 22:14:21","2016-03-03 19:13:55",0,NULL,NULL
50,0,1,2,NULL,"Newspaper Clippings, 1960-1969","[\"SC-8\",null,null,null]",NULL,889,NULL,332,0,0,NULL,NULL,NULL,NULL,NULL,NULL,NULL,NULL,NULL,NULL,NULL,NULL,NULL,NULL,0,"admin","admin","2016-03-04 14:24:40","2017-07-13 22:14:21","2016-03-04 14:24:40",0,NULL,NULL
51,1,1,2,NULL,"Roger M. Keesing Papers,","[\"MSS 0427\",null,null,null]",515,892,NULL,NULL,1,0,NULL,"mss0427.xml",NULL,"Roger M. Keesing Papers <num>MSS 0427</num>",NULL,"Copyright 2005","Finding aid prepared by Mandeville Special Collections Library",NULL,"Description is in <language langcode=\"eng\" scriptcode=\"Latn\">English.</language>",NULL,NULL,NULL,NULL,NULL,0,"admin","admin","2016-03-04 14:43:23","2017-07-13 22:14:21","2016-07-05 15:54:19",0,NULL,NULL
52,3,1,2,NULL,"Testing for bulk dates spawned resource","[\"2016\",\"BULKR\",null,null]",NULL,889,NULL,NULL,1,0,NULL,NULL,NULL,NULL,NULL,NULL,NULL,NULL,NULL,NULL,NULL,NULL,NULL,NULL,0,"admin","admin","2016-03-04 17:41:42","2017-07-13 22:14:21","2016-10-14 19:33:54",0,NULL,NULL
53,0,1,2,NULL,"physdesc-test","[\"physdesc-test\",null,null,null]",NULL,889,NULL,NULL,1,0,NULL,NULL,NULL,NULL,NULL,NULL,NULL,NULL,NULL,NULL,NULL,NULL,NULL,NULL,0,"admin","admin","2016-03-08 16:47:27","2017-07-13 22:14:21","2016-03-08 16:47:27",0,NULL,NULL
54,0,1,2,NULL,"Test physdesc mapping","[\"physdesc_mapping_test\",null,null,null]",515,894,NULL,NULL,1,0,NULL,NULL,NULL,NULL,NULL,NULL,NULL,NULL,NULL,NULL,NULL,NULL,NULL,NULL,0,"admin","admin","2016-03-08 18:37:11","2017-07-13 22:14:21","2016-03-08 18:37:11",0,NULL,NULL
55,1,1,2,NULL,"Test physdesc mapping","[\"1physdesc_mapping_test1\",null,null,null]",515,894,NULL,NULL,1,0,NULL,NULL,NULL,NULL,NULL,NULL,NULL,NULL,NULL,NULL,NULL,NULL,NULL,NULL,0,"admin","admin","2016-03-08 19:43:49","2017-07-13 22:14:21","2016-07-05 20:10:46",0,NULL,NULL
56,0,1,6,NULL,"V. R. Lang additional papers,","[\"MS Am 1951.2\",null,null,null]",515,889,NULL,NULL,1,0,NULL,"hou00112",NULL,"Lang, V.R., 1924-1956. V. R. Lang additional papers, circa 1944-1956: Guide.",NULL,NULL,"Houghton Library, Harvard College Library",NULL,NULL,NULL,NULL,NULL,NULL,NULL,0,"admin","admin","2016-03-09 15:06:19","2017-07-13 22:14:21","2016-03-09 15:06:19",0,NULL,NULL
58,0,1,2,NULL,"TEST dimensions physfacet","[\"testPhysfacetDimensions\",null,null,null]",515,889,NULL,NULL,1,0,NULL,"testPhysfacetDimensions",NULL,"TEST dimensions physfacet",NULL,NULL,NULL,NULL,"<language langcode=\"eng\">English</language>",NULL,NULL,NULL,NULL,NULL,0,"admin","admin","2016-03-14 13:01:08","2017-07-13 22:14:21","2016-03-14 13:01:08",0,NULL,NULL
59,0,1,2,NULL,"rde test","[\"rde\",null,null,null]",NULL,889,NULL,NULL,0,0,NULL,NULL,NULL,NULL,NULL,NULL,NULL,NULL,NULL,NULL,NULL,NULL,NULL,NULL,0,"admin","admin","2016-03-14 20:30:19","2017-07-13 22:14:21","2016-03-14 20:30:19",0,NULL,NULL
61,2,1,2,NULL,"Roger M. Keesing Papers","[\"xx1\",null,null,null]",515,891,NULL,NULL,1,0,NULL,"xx1.xml",NULL,"Roger M. Keesing Papers <num>xx1</num>",NULL,"Copyright 2005","Finding aid prepared by Finding aid prepared by Mandeville Special Collections Library",NULL,"Description is in <language langcode=\"eng\" scriptcode=\"Latn\">English.</language>",NULL,NULL,NULL,NULL,NULL,0,"admin","admin","2016-04-01 15:48:05","2017-07-13 22:14:21","2016-05-16 14:16:09",0,NULL,NULL
64,3,1,2,NULL,"Supreme Knight papers","[\"SC-1\",null,null,null]",515,894,NULL,NULL,0,0,NULL,NULL,NULL,"Guide to the....",NULL,NULL,NULL,338,"English",NULL,NULL,NULL,342,NULL,0,"admin","admin","2016-04-02 14:04:00","2017-07-13 22:14:21","2016-04-02 14:19:09",0,NULL,NULL
65,8,1,2,NULL,"Alonso S. Perales  & Sons Papers","[\"A1993-016\",null,null,null]",515,889,NULL,NULL,1,0,NULL,NULL,NULL,"Alonso S. Perales Papers <num>A1993-016</num>",NULL,NULL,"Lori Atkins",NULL,NULL,NULL,NULL,NULL,NULL,NULL,0,"admin","admin","2016-04-05 20:54:40","2017-07-13 22:14:21","2017-03-21 17:18:05",0,NULL,NULL
67,0,1,5,NULL,"Hall and Wilcox families papers","[\"00001\",null,null,null]",515,889,NULL,NULL,1,0,NULL,"00001","http://archives.msu.edu/findaid/001.html","Hall and Wilcox Families Papers <num>00001</num>","Hall and Wilcox Families Papers","June 1970",NULL,1791,"Finding aid written in <language>English</language>.",NULL,NULL,NULL,NULL,"OCLC# 857672257 Revised September 2000 Jan 2013 EB",0,"buschedw","buschedw","2016-04-11 14:52:29","2017-07-13 22:14:21","2016-04-11 14:52:29",0,NULL,NULL
70,0,1,5,NULL,"Adam L. Roof papers","[\"c.00001\",null,null,null]",515,889,NULL,NULL,1,0,NULL,"c.0001",NULL,"Adam L. Roof Papers <num>c.00001</num>","Roof (Adam L.) Papers",NULL,NULL,1791,"Finding aid written in <language>English</language>.",NULL,NULL,NULL,NULL,"OCLC# 863645010 Revised February 2000",0,"buschedw","buschedw","2016-04-11 15:19:49","2017-07-13 22:14:21","2016-04-11 15:19:49",0,NULL,NULL
71,0,1,5,NULL,"Patricia M. Carrigan papers","[\"UA.1.1.10\",null,null,null]",515,894,NULL,NULL,1,0,NULL,"UA 1.1.10",NULL,"<num>UA.1.1.10</num>","Carrigan (Patricia M.) Papers",NULL,NULL,NULL,NULL,NULL,NULL,NULL,NULL,NULL,0,"buschedw","buschedw","2016-04-11 15:19:50","2017-07-13 22:14:21","2016-04-11 15:19:50",0,NULL,NULL
72,0,1,5,NULL,"College of Human Medicine records","[\"UA.15.13\",null,null,null]",515,894,NULL,NULL,1,0,NULL,"UA.15.13",NULL,"College of Human Medicine Records <num>UA.15.13</num>","College of Human Medicine Records","January 1986","Finding aid prepared by T.M. Luitje",1791,"Finding aid written in <language>English</language>.",NULL,NULL,NULL,NULL,"Revised December 2014 Revised October 2014 Revised September 2014 Revised November 2004, A. Brown; Modified October 2009, E. Busch; Modified March 2010, E. Busch; Modified Summer 2010 – March 2011; March 2012, M. Badgley. Nov-Dec 2012 - AT cleanup Feb 2014 Added identified photos EB Apr 2014 Updated VHS information EB December 2014 electronice resource CW June 2015 EB added fragments",0,"buschedw","buschedw","2016-04-11 15:20:44","2017-07-13 22:14:21","2016-04-11 15:20:44",0,NULL,NULL
73,0,1,5,NULL,"APA Newsletter UA 18.12","[\"Serial.00001\",null,null,null]",515,889,NULL,NULL,1,0,NULL,"Serial 00001",NULL,"APA Newsletter <num>Serial.00001</num>","APA Newsletter","September 2012",NULL,1791,"Finding aid written in <language>English.</language>",NULL,NULL,NULL,NULL,NULL,0,"buschedw","buschedw","2016-04-11 17:10:02","2017-07-13 22:14:21","2016-04-11 17:10:02",0,NULL,NULL
74,4,1,5,NULL,"Board of Trustees records","[\"UA\",\"1\",null,null]",515,894,NULL,335,1,0,"Just a note.",NULL,NULL,"State Board of Agriculture / Board of Trustee Records","State Board of Agriculture / Board of Trustee Records","2016",NULL,1791,"Finding aid written in <language>English</language>.",NULL,NULL,NULL,341,"added 1.5 cu ft January 2016
OCLC# 928631046 November 2015 S. O'Brien
added .1 cu ft January 2015
added .1 cu ft  December 2014
revised December 2013 
revised September 2013 CW
revised June 2003

",0,"buschedw","buschedw","2016-04-11 17:13:20","2017-07-13 22:14:21","2017-03-20 17:28:59",0,NULL,NULL
77,0,1,2,NULL,"Test Stuff","[\"XX01\",null,null,null]",515,893,NULL,NULL,0,0,NULL,NULL,NULL,"Test Stuff 2<num>XX0</num> <num>XX01</num>",NULL,NULL,NULL,NULL,NULL,NULL,NULL,NULL,NULL,NULL,0,"admin","admin","2016-04-12 13:24:28","2017-07-13 22:14:21","2016-04-12 13:24:28",0,NULL,NULL
78,0,1,2,NULL,"Test Stuff","[\"XX02\",null,null,null]",515,893,NULL,NULL,0,0,NULL,NULL,NULL,"Test Stuff 2<num>XX0</num> <num>XX02</num>",NULL,NULL,NULL,NULL,NULL,NULL,NULL,NULL,NULL,NULL,0,"admin","admin","2016-04-12 13:30:13","2017-07-13 22:14:21","2016-04-12 13:30:13",0,NULL,NULL
79,11,1,2,NULL,"Jedediah Horcrux Congreave fly fishing correspondence and photographs","[\"3422\",null,null,null]",515,889,NULL,NULL,1,0,NULL,"ms34211.xml","http://library.carpediem.edu/ynhsc/ms342.xml","Jedediah Horcrux Congreave fly fishing correspondence and photographs <num>342</num>",NULL,NULL,NULL,1791,"Finding aid is in English.",NULL,NULL,NULL,NULL,NULL,0,"admin","admin","2016-04-12 13:40:00","2017-07-13 22:14:21","2017-03-23 14:52:19",0,NULL,NULL
80,0,1,6,NULL,"Title (i.e. Everything but the workroom sink, unitttitle) |||","[\"PARAGRAPH testing\",null,null,null]",NULL,889,NULL,NULL,1,0,NULL,"ParagraphTest|||",NULL,"Bowers, Kate, 1963- |||. Title (i.e. Everything but the workroom sink, unitttitle) |||: Finding aid subtitle |||",NULL,NULL,NULL,3189,"Language of Finding AId (langusage?) |||","Sponsor Note |||",NULL,NULL,NULL,NULL,0,"admin","admin","2016-04-22 19:41:44","2017-07-13 22:14:21","2016-04-22 19:41:44",0,NULL,"f07d0426850b22d92bbbc8b84045ee2e7fabd6e5"
84,1,1,2,NULL,"spawn-test","[\"idTwo\",null,null,null]",NULL,890,NULL,NULL,0,0,NULL,NULL,NULL,NULL,NULL,NULL,NULL,NULL,NULL,NULL,NULL,NULL,NULL,NULL,0,"admin","admin","2016-04-26 19:30:35","2017-07-13 22:14:21","2016-04-26 19:30:35",0,NULL,NULL
87,0,1,6,NULL,"Title (i.e. Everything but the workroom sink, unitttitle) |||","[\"PARAGRAPH 4-5 (NOT a PARAGRAPH, UNITID)\",null,null,null]",NULL,889,NULL,NULL,1,0,NULL,"ParagraphTest AS TEST|||",NULL,"Bowers, Kate, 1963- |||. Title (i.e. Everything but the workroom sink, unitttitle) |||: PARAGRAPH TESTING Finding aid subtitle |||",NULL,NULL,NULL,3189,"Language of Finding AId (langusage?) |||",NULL,NULL,NULL,3449,NULL,0,"admin","admin","2016-04-26 22:46:43","2017-07-13 22:14:21","2016-04-26 22:46:43",0,NULL,NULL
95,3,1,2,NULL,"pdf test","[\"YCAL MSS\",\"xxxx\",null,null]",515,891,NULL,NULL,1,0,NULL,NULL,NULL,"Guide to the....",NULL,NULL,NULL,338,"English",NULL,NULL,NULL,342,NULL,0,"admin","admin","2016-05-11 17:55:06","2017-07-13 22:14:21","2016-05-15 19:57:34",0,NULL,NULL
96,0,1,4,NULL,"California State Parks Council records","[\"BANC MSS 68/125 c TEST\",null,null,null]",515,889,NULL,NULL,1,0,NULL,"m68_125_cubanc_test.xml",NULL,"Finding Aid to the California State Parks Council Records, <date>circa 1925-1929</date>","California State Parks Council records","© 1996","Processed by The Bancroft Library staff",3789,"Description is in <language langcode=\"eng\" scriptcode=\"Latn\">English</language>",NULL,NULL,NULL,NULL,NULL,0,"test-user","test-user","2016-05-11 23:28:57","2017-07-13 22:14:21","2016-05-11 23:28:57",0,NULL,NULL
99,0,1,5,NULL,"Santa Fe Light Cone Simulation research project files","[\"RCIDC.0001\",null,null,null]",515,889,NULL,NULL,1,0,NULL,"ark:/13030/c8r78fzq","http://oac.cdlib.org/findaid/ark:/13030/c8r78fzq","The guide to the Santa Fe Light Cone Simulation research project files <num>RCIDC.0001</num>","Santa Fe Light Cone Simulation research project files",NULL,"Finding aid prepared by Finding aid prepared by Rick Wagner and Bradley Westbrook",1791,"Finding aid is in English","UC San Diego Office of the Chancellor.",NULL,NULL,3449,NULL,0,"admin","admin","2016-05-13 18:33:22","2017-07-13 22:14:21","2016-05-13 18:33:22",0,NULL,"e44e649f0b807b304f0c4d40d03f7c7efc2cc444"
100,0,1,6,NULL,"Santa Fe Light Cone Simulation research project files","[\"RCIDC.0001\",null,null,null]",515,889,NULL,NULL,1,0,NULL,"ark:/13030/c8r78fzq","http://oac.cdlib.org/findaid/ark:/13030/c8r78fzq","The guide to the Santa Fe Light Cone Simulation research project files <num>RCIDC.0001</num>","Santa Fe Light Cone Simulation research project files",NULL,"Finding aid prepared by Finding aid prepared by Rick Wagner and Bradley Westbrook",1791,"Finding aid is in English","UC San Diego Office of the Chancellor.",NULL,NULL,3449,NULL,0,"admin","admin","2016-05-13 18:34:27","2017-07-13 22:14:21","2016-05-13 18:34:27",0,NULL,"e44e649f0b807b304f0c4d40d03f7c7efc2cc444"
101,5,1,5,NULL,"Hoover Family Papers","[\"WLU\",\"Coll\",\"0001\",null]",515,889,NULL,NULL,1,0,NULL,NULL,NULL,NULL,NULL,NULL,NULL,NULL,NULL,NULL,NULL,NULL,NULL,NULL,0,"buschedw","admin","2016-05-23 12:55:59","2017-07-13 22:14:21","2016-06-27 17:51:48",0,NULL,NULL
102,4,1,2,NULL,"TEST Collection","[\"5678\",null,null,null]",515,889,NULL,NULL,1,0,NULL,NULL,NULL,"TEST Collection",NULL,NULL,NULL,NULL,NULL,NULL,NULL,NULL,NULL,NULL,0,"admin","admin","2016-05-23 21:59:14","2017-07-13 22:14:21","2016-07-21 15:05:07",0,NULL,NULL
105,0,1,2,NULL,"Test record to demo box/folder hierarchy","[\"test589\",null,null,null]",515,889,NULL,NULL,0,0,NULL,"kc.test",NULL,"Guide to the Test record to demo box/folder hierarchy",NULL,NULL,NULL,338,"English",NULL,NULL,NULL,342,NULL,0,"admin","admin","2016-06-03 20:30:11","2017-07-13 22:14:21","2016-06-03 20:30:11",0,"Test record to demo box/folder hierarchy",NULL
111,0,1,2,NULL,"CONTAINER TESTING kitchen sink modern photo style |||","[\"CONTAINERS KB Mod Phot\",null,null,null]",NULL,889,NULL,NULL,1,0,NULL,"KBcontainerTest1|||",NULL,"Bowers, Kate, 1963- |||. CONTAINER TESTING kitchen sink |||: Finding aid subtitle |||",NULL,NULL,NULL,3189,"Language of Finding AId (langusage?) |||",NULL,NULL,NULL,3449,NULL,0,"admin","admin","2016-06-17 19:40:38","2017-07-13 22:14:21","2016-06-17 19:40:38",0,NULL,NULL
113,1,1,6,NULL,"Collection Title","[\"Collection ID 2 3\",null,null,null]",515,889,NULL,NULL,0,0,NULL,"eadid","http://hdl.handle.net/10079/fa/eadid","Collection Title","Filing Title",NULL,NULL,4152,"Finding aid written in <language langcode=\"eng\" scriptcode=\"Latn\">English</language>",NULL,NULL,NULL,341,"This encoded finding aid is compliant with the Yale EAD Best Practice Guidelines, Version 1.0.",0,"admin","admin","2016-06-22 15:19:37","2017-07-13 22:14:21","2016-08-19 08:29:09",0,"subtitle",NULL
114,0,1,3,NULL,"Collection Title","[\"Collection ID 2 3\",null,null,null]",515,889,NULL,NULL,0,0,NULL,"eadid","http://hdl.handle.net/10079/fa/eadid","Collection Title","Filing Title",NULL,NULL,4152,"Finding aid written in <language langcode=\"eng\" scriptcode=\"Latn\">English</language>",NULL,NULL,NULL,341,"This encoded finding aid is compliant with the Yale EAD Best Practice Guidelines, Version 1.0.",0,"admin","admin","2016-06-22 15:23:32","2017-07-13 22:14:21","2016-06-22 15:23:32",0,"subtitle",NULL
115,0,1,3,NULL,"afar test","[\"id2\",null,null,null]",410,889,NULL,NULL,0,0,NULL,NULL,NULL,NULL,NULL,NULL,NULL,NULL,NULL,NULL,NULL,NULL,NULL,NULL,0,"admin","admin","2016-06-22 16:17:13","2017-07-13 22:14:21","2016-06-22 16:17:13",0,NULL,NULL
116,0,1,3,NULL,"afar-test-two","[\"two\",null,null,null]",NULL,889,NULL,NULL,0,0,NULL,NULL,NULL,NULL,NULL,NULL,NULL,NULL,NULL,NULL,NULL,NULL,NULL,NULL,0,"admin","admin","2016-06-22 16:19:12","2017-07-13 22:14:21","2016-06-22 16:19:12",0,NULL,NULL
118,0,1,5,NULL,"Test physdesc mapping","[\"physdesc_mapping_test\",null,null,null]",515,894,NULL,NULL,1,0,NULL,NULL,NULL,NULL,NULL,NULL,NULL,NULL,NULL,NULL,NULL,NULL,NULL,NULL,0,"buschedw","buschedw","2016-06-27 13:32:00","2017-07-13 22:14:21","2016-06-27 13:32:00",0,NULL,NULL
119,0,1,5,NULL,"physdesc-test","[\"physdesc-test\",null,null,null]",NULL,889,NULL,NULL,1,0,NULL,NULL,NULL,NULL,NULL,NULL,NULL,NULL,NULL,NULL,NULL,NULL,NULL,NULL,0,"buschedw","buschedw","2016-06-27 13:52:10","2017-07-13 22:14:21","2016-06-27 13:52:10",0,NULL,NULL
120,0,1,5,NULL,"Michigan Psychiatric Society records","[\"00251\",null,null,null]",515,889,NULL,NULL,1,0,NULL,"00251","http://archives.msu.edu/findaid/251.html","Michigan Psychiatric Society Records <num>00251</num>","Michigan Psychiatric Society Records","October 2015","Finding aid prepared by Jennie Russell",1791,"Finding aid written in <language>English</language>.",NULL,NULL,NULL,4331,"OCLC# 934458422 January 2016 S. O'Brien",0,"buschedw","buschedw","2016-06-27 16:29:03","2017-07-13 22:14:21","2016-06-27 16:29:03",0,NULL,NULL
122,7,1,9,NULL,"Templeton Industries records","[\"MSS\",\"TEMPT\",null,null]",515,889,NULL,335,1,0,NULL,NULL,NULL,NULL,NULL,NULL,NULL,NULL,NULL,NULL,NULL,NULL,NULL,NULL,0,"admin","admin","2016-06-29 16:54:52","2017-07-13 22:14:21","2016-06-29 19:22:35",0,NULL,NULL
123,6,1,2,NULL,"Ghostbusters Records","[\"ECTO\",\"001\",null,null]",515,889,NULL,NULL,1,0,NULL,"ecto_001",NULL,"Guide to the Ghostbusters Records <num>ECTO.001</num>",NULL,"4/1/2016","Rachel Searcy",1791,"English","Arrangement, description, and digitization of this collection was funded by the Center for Paranormal Investigation Association",NULL,NULL,341,NULL,0,"admin","admin","2016-06-29 17:17:02","2017-07-13 22:14:21","2017-01-24 16:33:11",0,NULL,"a13f88707bb7e97c20999a29f259a4c8c550a696"
124,10,1,2,NULL,"L.B. \"Jeff\" Jefferies Photographs","[\"TEST\",\"888\",null,null]",515,889,NULL,NULL,1,0,NULL,"test_888","http://dlib.nyu.edu/findingaids/html/tamwag/test_888","Guide to the L.B. \"Jeff\" Jefferies Papers",NULL,NULL,NULL,NULL,NULL,NULL,NULL,NULL,NULL,NULL,0,"admin","admin","2016-06-29 17:17:22","2017-07-13 22:14:21","2017-03-06 23:31:38",0,NULL,NULL
126,1,1,9,NULL,"More instances for resources","[\"MORE\",null,null,null]",NULL,889,NULL,NULL,0,0,NULL,NULL,NULL,NULL,NULL,NULL,NULL,NULL,NULL,NULL,NULL,NULL,NULL,NULL,0,"admin","admin","2016-06-30 13:01:30","2017-07-13 22:14:21","2016-06-30 13:02:00",0,NULL,NULL
127,0,1,3,NULL,"Testing for PDF","[\"PDF.001\",null,null,null]",515,889,NULL,334,1,0,NULL,NULL,NULL,NULL,NULL,NULL,NULL,NULL,NULL,NULL,NULL,NULL,NULL,NULL,0,"admin","admin","2016-07-02 23:13:55","2017-07-13 22:14:21","2016-07-02 23:13:55",0,NULL,NULL
128,0,1,3,NULL,"Testing for PDF2","[\"PDF.003\",null,null,null]",515,889,NULL,NULL,1,0,NULL,NULL,NULL,"Testing for PDF<num>PDF.001</num>",NULL,NULL,NULL,NULL,NULL,NULL,NULL,NULL,NULL,NULL,0,"admin","admin","2016-07-03 00:04:47","2017-07-13 22:14:21","2016-07-03 00:04:47",0,NULL,NULL
129,2,1,5,NULL,"Centre d'Etudes Superieures de la Renaissnace.  Tours","[\"Test\",\"1\",null,null]",NULL,894,NULL,NULL,0,0,NULL,NULL,NULL,NULL,NULL,NULL,NULL,NULL,NULL,NULL,NULL,NULL,NULL,NULL,0,"buschedw","buschedw","2016-07-03 23:34:47","2017-07-13 22:14:21","2017-02-02 20:54:12",0,NULL,NULL
130,0,1,5,NULL,"New Import","[\"NewImport.1\",null,null,null]",515,889,NULL,NULL,1,0,NULL,NULL,NULL,"<num>NewImport.1</num>",NULL,NULL,NULL,NULL,NULL,NULL,NULL,NULL,NULL,NULL,0,"buschedw","buschedw","2016-07-03 23:35:21","2017-07-13 22:14:21","2016-07-03 23:35:21",0,NULL,NULL
131,2,1,5,NULL,"Aperture Labs Records","[\"1234.abcd\",null,null,null]",515,889,NULL,NULL,1,0,NULL,NULL,NULL,"Aperture Labs Records<num>1234.abcd</num> <num>1234.abcd</num> <num>1234.abcd</num>",NULL,NULL,NULL,NULL,NULL,NULL,NULL,NULL,NULL,NULL,0,"buschedw","buschedw","2016-07-03 23:38:58","2017-07-13 22:14:21","2017-02-02 20:51:35",0,NULL,NULL
132,0,1,5,NULL,"Test 2","[\"Test\",\"2\",null,null]",NULL,894,NULL,NULL,0,0,NULL,NULL,NULL,NULL,NULL,NULL,NULL,NULL,NULL,NULL,NULL,NULL,NULL,NULL,0,"buschedw","buschedw","2016-07-03 23:40:38","2017-07-13 22:14:21","2016-07-03 23:40:38",0,NULL,NULL
133,1,1,5,NULL,"Hoover Family Papers","[\"WLU\",\"Coll\",\"0222\",null]",515,889,NULL,NULL,1,0,NULL,NULL,NULL,NULL,NULL,NULL,NULL,NULL,NULL,NULL,NULL,NULL,NULL,NULL,0,"admin","admin","2016-07-05 17:06:48","2017-07-13 22:14:21","2016-07-05 18:01:26",0,NULL,NULL
134,0,1,4,NULL,"test","[\"wlu\",\"coll\",\"99\",null]",515,889,NULL,NULL,1,0,NULL,NULL,NULL,NULL,NULL,NULL,NULL,NULL,NULL,NULL,NULL,NULL,NULL,NULL,0,"admin","admin","2016-07-05 18:31:35","2017-07-13 22:14:21","2016-07-05 18:31:35",0,NULL,NULL
135,0,1,3,NULL,"Testing Rights Module","[\"FA001\",null,null,null]",515,889,NULL,NULL,1,0,NULL,NULL,NULL,NULL,NULL,NULL,NULL,NULL,NULL,NULL,NULL,NULL,NULL,NULL,0,"admin","admin","2016-07-07 16:17:18","2017-07-13 22:14:21","2016-07-07 16:17:18",0,NULL,NULL
138,1,1,2,NULL,"Allen Family Papers","[\"SFHL/RG 5/001\",null,null,null]",515,889,NULL,NULL,1,0,NULL,"SFHL/5001alle",NULL,"An Inventory of the Allen Family Papers, 1700-1954",NULL,"1976","FHL staff",NULL,"English","Encoding made possible by a grant by the Gladys Kriebel Delmas Foundation to the Philadelphia Consortium of Special Collections Libraries",NULL,NULL,NULL,NULL,0,"admin","admin","2016-07-08 16:53:36","2017-07-13 22:14:21","2016-11-09 21:37:58",0,NULL,"5dec8569f67076a295ebbff1d53428b5739cd21e"
139,0,1,10,NULL,"Cool papers","[\"COOL\",null,null,null]",515,889,NULL,NULL,0,0,NULL,NULL,NULL,NULL,NULL,NULL,NULL,NULL,NULL,NULL,NULL,NULL,NULL,NULL,0,"admin","admin","2016-07-08 17:01:56","2017-07-13 22:14:21","2016-07-08 17:01:56",0,NULL,NULL
141,1,1,2,NULL,"TEST dimensions physfacet_2016_06_27","[\"testPhysfacetDimensions_2016_07_08\",null,null,null]",515,889,NULL,NULL,1,0,NULL,"testPhysfacetDimensions_2016_07_08",NULL,"TEST dimensions physfacet_2016_06_27",NULL,NULL,NULL,NULL,"<language langcode=\"eng\">English</language>",NULL,NULL,NULL,NULL,NULL,0,"admin","admin","2016-07-08 18:22:38","2017-07-13 22:14:21","2016-12-06 22:52:52",0,NULL,NULL
142,0,1,9,NULL,"Templeton Industries records","[\"MSS\",\"TEMPL\",null,null]",515,889,NULL,335,0,0,NULL,NULL,NULL,NULL,NULL,NULL,NULL,NULL,NULL,NULL,NULL,NULL,NULL,NULL,0,"admin","admin","2016-07-12 13:49:50","2017-07-13 22:14:21","2016-07-12 13:49:50",0,NULL,NULL
143,0,1,14,NULL,"Buffalo Preparative Meeting Records","[\"RG2/NY/B839\",null,null,null]",515,889,NULL,NULL,1,0,NULL,"SFHL/buffapm",NULL,"RECORDS OF BUFFALO PREPARATIVE MEETING (HICKSITE)",NULL,"2007","Inventory prepared by: FHL Staff",NULL,"Finding aid written in <language>English</language>",NULL,NULL,NULL,NULL,NULL,0,"admin","admin","2016-07-12 20:22:33","2017-07-13 22:14:21","2016-07-12 20:22:33",0,"An Inventory of Its Records at the Friends Historical Library of Swarthmore College",NULL
144,2,1,11,NULL,"Sally's fake colleciton","[\"122\",null,null,null]",515,889,NULL,332,1,0,NULL,NULL,NULL,NULL,NULL,NULL,NULL,NULL,NULL,NULL,NULL,NULL,NULL,NULL,0,"sally","admin","2016-07-13 14:01:05","2017-07-13 22:14:21","2016-09-22 15:28:09",0,NULL,NULL
145,0,1,14,NULL,"Santa Fe Light Cone Simulation research project files","[\"RCIDC.0001\",null,null,null]",515,889,NULL,NULL,1,0,NULL,"ark:/13030/c8r78fzq","http://oac.cdlib.org/findaid/ark:/13030/c8r78fzq","Guide to the Santa Fe Light Cone Simulation research project files <num>RCIDC.0001</num>",NULL,"2012","Finding aid prepared by Finding aid prepared by Rick Wagner and Bradley Westbrook",1791,"Finding aid is in English","UC San Diego Office of the Chancellor.",NULL,NULL,341,NULL,0,"admin","admin","2016-07-13 20:57:52","2017-07-13 22:14:21","2016-07-13 20:57:52",0,NULL,"e44e649f0b807b304f0c4d40d03f7c7efc2cc444"
146,1,1,11,NULL,"Testing new TCs","[\"xx0x\",null,null,null]",NULL,889,NULL,NULL,0,0,NULL,NULL,NULL,NULL,NULL,NULL,NULL,NULL,NULL,NULL,NULL,NULL,NULL,NULL,0,"admin","admin","2016-07-14 14:01:42","2017-07-13 22:14:21","2016-07-14 14:04:13",0,NULL,NULL
147,1,1,2,NULL,"Preliminary Inventory to the","[\"MSS.TEST\",null,null,null]",515,897,NULL,NULL,1,0,NULL,NULL,NULL,"Preliminary Inventory to the",NULL,NULL,NULL,NULL,"Finding aid written in <language langcode=\"eng\" encodinganalog=\"Language\">English.</language>",NULL,NULL,NULL,3449,NULL,0,"admin","admin","2016-07-19 20:17:48","2017-07-13 22:14:21","2016-12-16 21:08:50",0,NULL,NULL
148,0,1,4,NULL,"test","[\"test\",null,null,null]",NULL,895,NULL,NULL,1,1,NULL,NULL,NULL,NULL,NULL,NULL,NULL,NULL,NULL,NULL,NULL,NULL,NULL,NULL,0,"admin","admin","2016-07-19 23:10:12","2017-07-13 22:14:21","2016-07-19 23:10:12",0,NULL,NULL
149,0,1,3,NULL,"testing","[\"test\",null,null,null]",NULL,889,NULL,NULL,0,0,NULL,NULL,NULL,NULL,NULL,NULL,NULL,NULL,NULL,NULL,NULL,NULL,NULL,NULL,0,"admin","admin","2016-07-19 23:13:26","2017-07-13 22:14:21","2016-07-19 23:13:26",0,NULL,NULL
151,10,1,2,NULL,"Ampersand Industries &amp; Machinations (AI&amp;M)","[\"XX&amp;ID\",null,null,null]",NULL,889,NULL,NULL,1,0,NULL,NULL,NULL,NULL,NULL,NULL,NULL,NULL,NULL,NULL,NULL,NULL,NULL,NULL,0,"admin","admin","2016-07-25 14:40:31","2017-07-13 22:14:21","2017-01-20 21:36:17",0,NULL,NULL
154,0,1,8,NULL,"No indicators records","[\"NOIND\",null,null,null]",515,889,NULL,335,0,0,NULL,NULL,NULL,NULL,NULL,NULL,NULL,NULL,NULL,NULL,NULL,NULL,NULL,NULL,0,"admin","admin","2016-07-31 03:13:09","2017-07-13 22:14:21","2016-07-31 03:13:09",0,NULL,NULL
155,0,1,2,NULL,"RDE testing","[\"abc.123\",null,null,null]",515,889,NULL,NULL,1,0,NULL,NULL,NULL,"Guide to the RDE testing collection <num>abc.123</num>",NULL,"2016-02-06",NULL,1791,"English",NULL,NULL,NULL,NULL,NULL,0,"admin","admin","2016-08-01 08:40:14","2017-07-13 22:14:21","2016-08-01 08:40:14",0,"RDE testing",NULL
156,0,1,6,NULL,"Title (i.e. Everything but the workroom sink, unitttitle) |||","[\"ExtentTest2_COLL_level_3\",null,null,null]",NULL,889,NULL,NULL,1,0,NULL,"ExtentTest2_COLL_level_3|||",NULL,"Bowers, Kate, 1963- |||. Title (i.e. Everything but the workroom sink, unitttitle) |||: Finding aid subtitle |||",NULL,NULL,NULL,3189,"Language of Finding AId (langusage?) |||","Sponsor Note |||",NULL,NULL,3449,NULL,0,"admin","admin","2016-08-09 16:21:18","2017-07-13 22:14:21","2016-08-09 16:21:18",0,NULL,"f07d0426850b22d92bbbc8b84045ee2e7fabd6e5"
157,0,1,2,NULL,"Title (i.e. Everything but the workroom sink, unitttitle) |||","[\"ExtentTest2_COLL_level_3\",null,null,null]",NULL,889,NULL,NULL,1,0,NULL,"ExtentTest2_COLL_level_3|||",NULL,"Bowers, Kate, 1963- |||. Title (i.e. Everything but the workroom sink, unitttitle) |||: Finding aid subtitle |||",NULL,NULL,NULL,3189,"Language of Finding AId (langusage?) |||","Sponsor Note |||",NULL,NULL,3449,NULL,0,"admin","admin","2016-08-09 16:29:04","2017-07-13 22:14:21","2016-08-09 16:29:04",0,NULL,"f07d0426850b22d92bbbc8b84045ee2e7fabd6e5"
159,0,1,2,NULL,"Title (i.e. Everything but the workroom sink, unitttitle) |||","[\"ExtentTest2_COLL_level_2\",null,null,null]",NULL,889,NULL,NULL,1,0,NULL,"ExtentTest2_COLL_level_2|||",NULL,"Bowers, Kate, 1963- |||. Title (i.e. Everything but the workroom sink, unitttitle) |||: Finding aid subtitle |||",NULL,NULL,NULL,3189,"Language of Finding AId (langusage?) |||","Sponsor Note |||",NULL,NULL,3449,NULL,0,"admin","admin","2016-08-09 16:33:20","2017-07-13 22:14:21","2016-08-09 16:33:20",0,NULL,"f07d0426850b22d92bbbc8b84045ee2e7fabd6e5"
161,0,1,2,NULL,"Title (i.e. Everything but the workroom sink, unitttitle) |||","[\"ExtentTest2_COLL_level_4\",null,null,null]",NULL,889,NULL,NULL,1,0,NULL,"ExtentTest2_COLL_level_4|||",NULL,"Bowers, Kate, 1963- |||. Title (i.e. Everything but the workroom sink, unitttitle) |||: Finding aid subtitle |||",NULL,NULL,NULL,3189,"Language of Finding AId (langusage?) |||","Sponsor Note |||",NULL,NULL,3449,NULL,0,"admin","admin","2016-08-09 16:45:01","2017-07-13 22:14:21","2016-08-09 16:45:01",0,NULL,"f07d0426850b22d92bbbc8b84045ee2e7fabd6e5"
162,4,1,2,NULL,"Pickman, Chanler, and Clifford families' correspondence and other papers,","[\"2008M-56\",null,null,null]",515,889,NULL,NULL,1,0,NULL,"hou02146",NULL,"Pickman family. Pickman, Chanler, and Clifford families' correspondence and other papers, circa 1893-2006: PRELIMINARY BOX LIST.",NULL,NULL,"Houghton Library, Harvard College Library",5208,NULL,NULL,NULL,NULL,NULL,NULL,0,"admin","admin","2016-08-10 16:12:12","2017-07-13 22:14:21","2016-08-17 21:31:17",0,NULL,NULL
163,0,1,2,NULL,"Georgia (Republic) records [microform],","[\"MS Georgian 2\",null,null,null]",541,889,NULL,NULL,1,0,NULL,"hou01502",NULL,"Georgia (Republic) records [microform], 1914-1958: Guide.",NULL,NULL,"Houghton Library, Harvard College Library",NULL,NULL,NULL,NULL,NULL,NULL,NULL,0,"admin","admin","2016-08-10 16:35:44","2017-07-13 22:14:21","2016-08-10 16:35:44",0,NULL,NULL
164,3,1,2,NULL,"All dogs, all the time","[\"K9\",null,null,null]",515,889,NULL,NULL,1,0,NULL,"dogs",NULL,"Guide to the All dogs, all the time Collection",NULL,"2016-08-10",NULL,1791,NULL,NULL,NULL,NULL,NULL,NULL,0,"admin","admin","2016-08-10 17:52:04","2017-07-13 22:14:21","2017-04-10 15:10:04",0,"All dogs, all the time",NULL
166,0,1,2,NULL,"Judy Davis Papers","[\"Test 1\",null,null,null]",410,890,NULL,NULL,0,0,NULL,NULL,NULL,NULL,NULL,NULL,NULL,NULL,NULL,NULL,NULL,NULL,NULL,NULL,0,"admin","admin","2016-08-10 20:41:22","2017-07-13 22:14:21","2016-08-10 20:41:22",0,NULL,NULL
167,0,1,6,NULL,"Houghton Library collection of Tennessee Williams typescript compositions,","[\"MS Thr 551\",null,null,null]",515,889,NULL,NULL,1,0,NULL,"hou02045",NULL,"Houghton Library, collector. Houghton Library collection of Tennessee Williams typescript compositions, 1936-1979: Guide.",NULL,NULL,"Harvard Theatre Collection, Houghton Library, Harvard College Library",5208,NULL,NULL,NULL,NULL,NULL,NULL,0,"admin","admin","2016-08-10 20:46:56","2017-07-13 22:14:21","2016-08-10 20:46:56",0,NULL,NULL
168,0,1,2,NULL,"top container module testing","[\"UNIQUE\",null,null,null]",515,889,NULL,335,0,0,NULL,NULL,NULL,NULL,NULL,NULL,NULL,NULL,NULL,NULL,NULL,NULL,NULL,NULL,0,"admin","admin","2016-08-11 20:19:35","2017-07-13 22:14:21","2016-08-11 20:19:35",0,NULL,NULL
169,2,1,2,NULL,"F. Gentile di Giuseppe collection of French and Italian opera ballet","[\"MS Thr 415\",null,null,null]",515,889,NULL,332,1,0,NULL," hou01532",NULL,"F. Gentile di Giuseppe collection of French and Italian opera ballet, 1694-1904: Guide.","Gentile di Giuseppe, F., collector. F. Gentile di Giuseppe collection of French and Italian opera ballet, 1694-1904: Guide.","2016 August 16","Houghton Library, Harvard University",338,"English","Dance Heritage Coalition Access to Dance...","Last updated 2016 August 16",NULL,342,NULL,0,"admin","admin","2016-08-16 15:26:42","2017-07-13 22:14:21","2016-08-19 19:58:37",0,NULL,"c1eaeb174e0ed0829a5460488b2dfdb5b8d6ff79"
170,0,1,2,NULL,"Top container transfer test","[\"tc\",\"lb\",\"te\",\"st\"]",515,889,NULL,NULL,1,0,NULL,NULL,NULL,NULL,NULL,NULL,NULL,NULL,NULL,NULL,NULL,NULL,NULL,NULL,0,"admin","admin","2016-08-16 20:44:01","2017-07-13 22:14:21","2016-08-16 20:44:01",0,NULL,NULL
171,0,1,3,NULL,"transfer test (no containers)","[\"nc\",null,null,null]",410,891,NULL,NULL,0,0,NULL,NULL,NULL,NULL,NULL,NULL,NULL,NULL,NULL,NULL,NULL,NULL,NULL,NULL,0,"admin","admin","2016-08-17 16:39:10","2017-07-13 22:14:21","2016-08-17 16:39:10",0,NULL,NULL
172,0,1,2,NULL,"test to end all tests","[\"IDENTIFY\",null,null,null]",410,889,NULL,NULL,0,0,NULL,NULL,NULL,NULL,NULL,NULL,NULL,NULL,NULL,NULL,NULL,NULL,NULL,NULL,0,"admin","admin","2016-08-18 14:31:39","2017-07-13 22:14:21","2016-08-18 14:31:39",0,NULL,NULL
173,3,1,2,NULL,"Hello Kitty collection","[\"kitty 1\",null,null,null]",597,3576,NULL,334,0,0,NULL,NULL,NULL,NULL,NULL,NULL,NULL,NULL,NULL,NULL,NULL,NULL,NULL,NULL,0,"admin","admin","2016-08-18 16:05:32","2017-07-13 22:14:21","2017-02-23 23:24:55",0,NULL,NULL
174,0,1,2,NULL,"Photographic Society of Philadelphia Records, Louis Walton Sipley / American Museum of Photography Collection","[\"AR.2015.239\",null,null,null]",515,889,NULL,NULL,1,0,NULL,NULL,NULL,"Photographic Society of Philadelphia Records (1862-1965) <num>AR.2015.239</num>",NULL,"August 2015","Finding aid prepared by Clare Flemming, M.S., C.A.",1791,"English.",NULL,NULL,NULL,6092,NULL,0,"admin","admin","2016-08-30 20:48:45","2017-07-13 22:14:21","2016-08-30 20:48:45",0,NULL,NULL
176,0,1,2,NULL,"i'm a title, since required","[\"DAO-GRP\",null,null,null]",NULL,889,NULL,NULL,1,0,NULL,"DAO-GRP-???",NULL,"DAO-test",NULL,NULL,NULL,NULL,NULL,NULL,NULL,NULL,NULL,NULL,0,"admin","admin","2016-08-31 08:57:43","2017-07-13 22:14:21","2016-08-31 08:57:43",0,NULL,NULL
177,0,1,2,NULL,"Henry James papers","[\"MS Am 4000\",null,null,null]",515,889,NULL,334,1,0,NULL,NULL,NULL,NULL,NULL,NULL,NULL,NULL,NULL,NULL,NULL,NULL,NULL,NULL,0,"admin","admin","2016-09-01 17:54:26","2017-07-13 22:14:21","2016-09-01 17:54:26",0,NULL,NULL
178,6,1,2,NULL,"Lots of container instance records - first edit again","[\"LOTS\",null,null,null]",515,889,NULL,335,0,0,NULL,NULL,NULL,NULL,NULL,NULL,NULL,NULL,NULL,NULL,NULL,NULL,NULL,NULL,0,"admin","admin","2016-09-06 15:43:29","2017-07-13 22:14:21","2016-09-06 16:13:29",0,NULL,NULL
179,1,1,2,NULL,"Records of the Boston Parents' Council,","[\"MC 220\",null,null,null]",NULL,889,NULL,NULL,1,0,NULL,"sch00466",NULL,"Boston Parents' Council. Records of the Boston Parents' Council, 1930-1938: A Finding Aid",NULL,NULL,"Arthur and Elizabeth Schlesinger Library on the History of Women in America",NULL,NULL,NULL,NULL,NULL,NULL,NULL,0,"admin","admin","2016-09-13 14:58:10","2017-07-13 22:14:21","2017-01-27 19:01:35",0,NULL,NULL
180,3,1,2,NULL,"Suppressed test (check out the first child); also, what's the preferred behavior for a suppressed resource record?","[\"new\",\"b\",\"b\",\"ug\"]",515,891,NULL,NULL,1,0,NULL,NULL,NULL,NULL,NULL,NULL,NULL,NULL,NULL,NULL,NULL,NULL,NULL,NULL,0,"admin","admin","2016-09-13 19:38:27","2017-07-13 22:14:21","2017-01-17 14:05:58",0,NULL,NULL
184,0,1,10,NULL,"American Association of University Women (Leavenworth, Kan.) records","[\"RH MS 640\",null,null,null]",NULL,889,NULL,NULL,1,0,NULL,"ksrl.kc.americanassociation","http://hdl.handle.net/10407/4846416407","Guide to the American Association of University Women Collection",NULL,"2006","Finding aid prepared by mds, 2006; revised by mrm, 2009; revised by skt, 2010",NULL,"Finding aid written in<language encodinganalog=\"language\">English.</language>",NULL,NULL,NULL,6217,NULL,0,"admin","admin","2016-09-16 14:23:35","2017-07-13 22:14:21","2016-09-16 14:23:35",0,"American Association of University Women (Leavenworth, Kan.) records, 1937-2004",NULL
185,0,1,2,NULL,"Experimental record","[\"9512\",null,null,null]",515,889,NULL,NULL,1,0,NULL,NULL,NULL,NULL,NULL,NULL,NULL,NULL,NULL,NULL,NULL,NULL,NULL,NULL,0,"admin","admin","2016-09-19 16:53:57","2017-07-13 22:14:21","2016-09-19 16:53:57",0,NULL,NULL
187,0,1,5,NULL,"Test for searching","[\"Test\",\"1234\",null,null]",515,889,NULL,NULL,0,0,NULL,NULL,NULL,NULL,NULL,NULL,NULL,NULL,NULL,NULL,NULL,NULL,NULL,NULL,0,"admin","admin","2016-09-21 12:14:55","2017-07-13 22:14:21","2016-09-21 12:14:55",0,NULL,NULL
188,1,1,2,NULL,"Where to put the instance record","[\"999\",null,null,null]",515,889,NULL,NULL,1,0,NULL,NULL,NULL,NULL,NULL,NULL,NULL,NULL,NULL,NULL,NULL,NULL,NULL,NULL,0,"admin","admin","2016-09-22 15:34:45","2017-07-13 22:14:21","2016-09-22 15:35:41",0,NULL,NULL
189,0,1,2,NULL,"Bilbo Baggins Papers","[\"ME\",\"111\",null,null]",515,889,NULL,NULL,0,0,NULL,NULL,NULL,NULL,NULL,NULL,NULL,NULL,NULL,NULL,NULL,NULL,NULL,NULL,0,"admin","admin","2016-09-23 02:05:51","2017-07-13 22:14:21","2016-09-23 02:05:51",0,NULL,NULL
190,7,1,2,NULL,"Isildur Papers","[\"ME\",\"002\",null,null]",410,889,NULL,334,0,0,NULL,NULL,NULL,NULL,NULL,NULL,NULL,NULL,NULL,NULL,NULL,NULL,NULL,NULL,0,"admin","admin","2016-09-23 02:19:46","2017-07-13 22:14:21","2016-09-23 02:50:47",0,NULL,NULL
191,2,1,2,NULL,"Council of Elrond Proceedings","[\"ME\",\"003\",null,null]",515,889,NULL,335,0,0,NULL,NULL,NULL,NULL,NULL,NULL,NULL,NULL,NULL,NULL,NULL,NULL,NULL,NULL,0,"admin","admin","2016-09-23 02:35:50","2017-07-13 22:14:21","2016-09-23 02:43:49",0,NULL,NULL
192,2,1,2,NULL,"Village Green Preservation Society Records","[\"TEST.999\",null,null,null]",515,889,NULL,NULL,1,0,NULL,"test_999","http://dlib.nyu.edu/findingaids/html/tamwag/CALL_NUMBER/","Guide to the Village Green Preservation Society Records <num>TEST.999</num>",NULL,"April 2013","Finding aid prepared by Rachel Searcy",1791,NULL,NULL,NULL,NULL,4447,NULL,0,"admin","admin","2016-09-27 17:01:08","2017-07-13 22:14:21","2016-09-27 17:07:28",0,NULL,NULL
195,2,1,6,NULL,"Christopher Durang papers","[\"mmwisner\",null,null,null]",515,889,NULL,334,1,0,NULL,"hou02662",NULL,"Christopher Durang papers","Durang, Christopher, 1949- . Christopher Durang papers","04/06/2016","Houghton Library, Harvard College Library ",338,"English",NULL,"Last update 2016 October 3",NULL,342,NULL,0,"admin","admin","2016-10-03 17:44:47","2017-07-13 22:14:21","2016-10-06 14:46:46",0,NULL,NULL
197,0,1,2,NULL,"Academic Affairs. Dean/Director, Cooperative Extension Service Records","[\"UA RG 0006.008\",null,null,null]",515,894,NULL,NULL,0,0,NULL,"UA RG 0006.008",NULL,"University of Maine. Cooperative Extension Service Records <num>UA RG 0006.008</num>","Cooperative Extension Service Records (University of Maine)","September 23, 2016","Matthew Revitt",1791,"Finding aid written in <language langcode=\"eng\"> English.</language>",NULL,NULL,NULL,341,NULL,0,"admin","admin","2016-10-11 16:23:30","2017-07-13 22:14:21","2016-10-11 16:23:30",0,NULL,NULL
200,2,1,12,NULL,"A new resource","[\"res\",\"001\",null,null]",515,890,NULL,334,1,1,"asdasdasda","asd","asd","asd","asd","asd","asd",336,"asd","asd","asd","asd",341,"asd",0,"admin","admin","2016-11-09 23:13:26","2017-07-13 22:14:21","2016-11-10 02:54:57",0,"asd","f10e2821bbbea527ea02200352313bc059445190"
201,0,1,2,NULL,"Test record for transferring digital objects with a resource","[\"TEST\",\"DOTRANSF\",null,null]",NULL,889,NULL,NULL,1,0,NULL,NULL,NULL,NULL,NULL,NULL,NULL,NULL,NULL,NULL,NULL,NULL,NULL,NULL,0,"admin","admin","2016-11-10 15:17:46","2017-07-13 22:14:21","2016-11-10 15:17:46",0,NULL,NULL
202,2,1,5,NULL,"test resource","[\"t1\",null,null,null]",NULL,889,NULL,NULL,0,0,"created in UAHC and moved to SAA repository",NULL,NULL,NULL,NULL,NULL,NULL,NULL,NULL,NULL,NULL,NULL,NULL,NULL,0,"buschedw","buschedw","2016-11-11 17:26:45","2017-07-13 22:14:21","2016-11-11 20:00:19",0,NULL,NULL
203,0,1,10,NULL,"AR-1405 DO Transfer test record","[\"AR\",\"12345\",null,null]",NULL,889,NULL,NULL,0,0,NULL,NULL,NULL,NULL,NULL,NULL,NULL,NULL,NULL,NULL,NULL,NULL,NULL,NULL,0,"admin","admin","2016-11-11 21:23:20","2017-07-13 22:14:21","2016-11-11 21:23:20",0,NULL,NULL
204,2,1,11,NULL,"AR-1568","[\"AR-1568\",null,null,null]",NULL,889,NULL,NULL,1,1,NULL,NULL,NULL,NULL,NULL,NULL,NULL,NULL,NULL,NULL,NULL,NULL,NULL,NULL,0,"admin","admin","2016-11-14 21:55:44","2017-07-13 22:14:21","2016-11-14 22:04:14",0,NULL,NULL
205,7,1,2,NULL,"Meg Wolitzer papers","[\"MS Am 2345\",null,null,null]",515,889,NULL,334,1,0,NULL,NULL,NULL,NULL,NULL,NULL,NULL,NULL,NULL,NULL,NULL,NULL,NULL,NULL,0,"admin","admin","2016-11-15 16:19:23","2017-07-13 22:14:21","2016-11-17 15:48:31",0,NULL,NULL
206,2,1,5,NULL,"REO Motor Car Company records","[\"00036\",null,null,null]",515,889,NULL,NULL,1,0,NULL,"00036",NULL,"REO Motor Company Records <num>00036</num>","REO Motor Company Records","February 1985","Finding aid prepared by R. Harms",1791,"Finding aid written in <language> English</language>.",NULL,NULL,NULL,6391,"R. Harms, 2-1985 Revised November 2001 Revised May 2010 November 2011 Revised November 2016 (added oversize materials that were mistakenly put in a small collection. MM)",0,"buschedw","buschedw","2016-11-15 21:42:30","2017-07-13 22:14:21","2017-01-20 18:31:24",0,NULL,NULL
207,2,1,2,NULL,"Naomi Novik papers","[\"MS Am \",\"Noah \",\"Sheola\",null]",515,889,NULL,334,1,0,NULL,NULL,NULL,NULL,NULL,NULL,NULL,NULL,NULL,NULL,NULL,NULL,NULL,NULL,0,"admin","admin","2016-11-16 16:37:32","2017-07-13 22:14:21","2016-11-16 16:37:32",0,NULL,NULL
208,8,1,2,NULL,"Philip K. Dick papers","[\"Ms Am Austin\",null,null,null]",515,889,NULL,334,1,1,NULL,"houAustin","https://oasis.harvard.edu/MSAmAustin","Philip K. Dick papers, 1945-1990 (MS Am Austin) : guide.","Dick, Philip K. Papers, 1945-1990.","2016 November 16","Michael Austin",338,NULL,NULL,NULL,NULL,NULL,NULL,0,"admin","admin","2016-11-16 16:38:22","2017-07-13 22:14:21","2016-11-17 15:58:03",0,NULL,NULL
209,8,1,2,NULL,"Beatrix Potter papers","[\"MS Am Downey\",null,null,null]",515,889,NULL,332,1,1,NULL,NULL,NULL,"Beatrix Potter collection",NULL,NULL,NULL,3189,"English",NULL,NULL,NULL,NULL,NULL,0,"admin","admin","2016-11-16 16:47:40","2017-07-13 22:14:21","2016-11-17 15:49:25",0,NULL,NULL
212,3,1,2,NULL,"Julia Sedova papers","[\"MS Am Klyagin\",null,null,null]",515,889,NULL,332,1,0,NULL,NULL,NULL,NULL,NULL,NULL,NULL,NULL,NULL,NULL,NULL,NULL,NULL,NULL,0,"admin","admin","2016-11-16 16:50:54","2017-07-13 22:14:21","2016-11-17 16:03:31",0,NULL,NULL
213,2,1,2,NULL,"Clippings on theatrical subjects","[\"Noah Sheola\",null,null,null]",515,889,NULL,332,0,0,NULL,"houNoahSheola",NULL,NULL,NULL,NULL,NULL,NULL,NULL,NULL,NULL,NULL,NULL,NULL,0,"admin","admin","2016-11-16 16:59:22","2017-07-13 22:14:21","2016-11-16 17:09:16",0,NULL,NULL
214,6,1,2,NULL,"Sally Forth papers","[\"MS Am Wyssen\",null,null,null]",515,889,NULL,334,0,0,"Processed by Susan Wyssen.",NULL,NULL,"Sally Forth papers, 1945-1990: Guide",NULL,NULL,NULL,1791,"English",NULL,NULL,NULL,342,NULL,0,"admin","admin","2016-11-16 17:00:04","2017-07-13 22:14:21","2016-11-30 21:21:16",0,NULL,NULL
215,5,1,2,NULL,"Kathleen Hanna, 1968-. Correspondence","[\"MS Am Lyons\",null,null,null]",515,889,NULL,332,1,0,NULL,"hou01979","http://","Hanna, Kathleen. Compositions and Correspondence",NULL,"1982-1989","Beekman, Waldo",338,NULL,NULL,NULL,NULL,NULL,NULL,0,"admin","admin","2016-11-16 17:00:30","2017-07-13 22:14:21","2016-11-17 15:26:30",0,NULL,NULL
216,0,1,2,NULL,"Clippings on theatrical subjects","[\"HTC Clippings Klyagin\",null,null,null]",515,889,NULL,332,0,0,NULL,"houKlyagin",NULL,"Clippings on theatrical subjects",NULL,"1800-2010",NULL,NULL,NULL,NULL,NULL,NULL,NULL,NULL,0,"admin","admin","2016-11-16 17:08:32","2017-07-13 22:14:21","2016-11-16 17:08:32",0,NULL,NULL
217,1,1,2,NULL,"Clippings on theatrical subjects","[\"HTC Clippings ADRIEN\",null,null,null]",515,3576,NULL,332,1,0,NULL,"houADRIENHILTON",NULL,NULL,NULL,NULL,NULL,NULL,NULL,NULL,NULL,NULL,NULL,NULL,0,"admin","admin","2016-11-16 17:09:12","2017-07-13 22:14:21","2016-11-16 17:09:57",0,NULL,NULL
218,1,1,2,NULL,"Clippings on theatrical subjects","[\"HTC Clippings 6b\",null,null,null]",515,889,NULL,NULL,0,0,NULL,NULL,NULL,NULL,NULL,NULL,NULL,NULL,NULL,NULL,NULL,NULL,NULL,NULL,0,"admin","admin","2016-11-16 17:09:12","2017-07-13 22:14:21","2016-11-16 17:10:48",0,NULL,NULL
219,0,1,2,NULL,"Clippings on theatrical subjects","[\"HTC Clippings 6 WYSSEN\",null,null,null]",515,889,NULL,NULL,0,0,NULL,NULL,NULL,NULL,NULL,NULL,NULL,NULL,NULL,NULL,NULL,NULL,NULL,NULL,0,"admin","admin","2016-11-16 17:10:48","2017-07-13 22:14:21","2016-11-16 17:10:48",0,NULL,NULL
220,0,1,2,NULL,"Clippings on theatrical subjects, ca. 1800-2010.","[\"houbob\",null,null,null]",515,889,NULL,NULL,0,0,NULL,NULL,NULL,NULL,NULL,NULL,NULL,NULL,NULL,NULL,NULL,NULL,NULL,NULL,0,"admin","admin","2016-11-16 17:11:14","2017-07-13 22:14:21","2016-11-16 17:11:14",0,NULL,NULL
221,0,1,2,NULL,"Clippings on theatrical subjects","[\"MS Thr Austin\",null,null,null]",515,889,NULL,332,0,0,NULL,"houAustin2",NULL,NULL,NULL,NULL,NULL,NULL,NULL,NULL,NULL,NULL,NULL,NULL,0,"admin","admin","2016-11-16 17:18:15","2017-07-13 22:14:21","2016-11-16 17:18:15",0,NULL,NULL
222,8,1,2,NULL,"RDE Test","[\"666\",\"666\",null,null]",NULL,889,NULL,332,0,0,NULL,NULL,NULL,NULL,NULL,NULL,NULL,NULL,NULL,NULL,NULL,NULL,NULL,NULL,0,"admin","admin","2016-11-18 15:52:33","2017-07-13 22:14:21","2016-11-21 21:53:11",0,NULL,NULL
223,1,1,2,NULL,"Container Test","[\"abc789\",null,null,null]",NULL,889,NULL,NULL,0,0,NULL,NULL,NULL,NULL,NULL,NULL,NULL,NULL,NULL,NULL,NULL,NULL,NULL,NULL,0,"admin","admin","2016-11-22 22:04:36","2017-07-13 22:14:21","2016-11-22 22:08:30",0,NULL,NULL
224,0,1,2,NULL,"Kansas City Terminal Railway Records","[\"RH MS 56\",null,null,null]",515,889,NULL,NULL,0,0,NULL,NULL,NULL,NULL,NULL,NULL,NULL,NULL,NULL,NULL,NULL,NULL,NULL,NULL,0,"admin","admin","2016-11-27 03:41:16","2017-07-13 22:14:21","2016-11-27 03:41:16",0,NULL,NULL
225,0,1,2,NULL,"Papers of James Gunn","[\"PP 135\",null,null,null]",515,889,NULL,NULL,1,0,NULL,"ksrl.ua.gunnjames","http://hdl.handle.net/10407/0819112645","Guide to the Personal Papers of James Gunn","Gunn (James) Personal Papers","2016-11-23","Finding aid created by s. morris",4152,"English",NULL,NULL,NULL,342,NULL,0,"admin","admin","2016-11-27 04:02:58","2017-07-13 22:14:21","2016-11-27 04:02:58",0,"Personal Papers of James Gunn",NULL
227,0,1,2,NULL,"<emph render=\"italic\">Title of Book</emph> production material","[\"fake1\",null,null,null]",515,889,NULL,332,1,0,NULL,NULL,NULL,NULL,NULL,NULL,NULL,NULL,NULL,NULL,NULL,NULL,NULL,NULL,0,"admin","admin","2016-12-02 16:15:09","2017-07-13 22:14:21","2016-12-02 16:15:09",0,NULL,NULL
228,0,1,2,NULL,"Abbott and Company records","[\"RL.30010\",null,null,null]",515,889,NULL,NULL,1,0,NULL,"abbottco-003851089","http://library.duke.edu/rubenstein/findingaids/abbottco-003851089/","Guide to the Abbott and Company records, 1856-1871",NULL,NULL,"Processed by: Rubenstein Staff; EAD finding aid derived from MARC record using marc2ead_sectionA.xsl",1791,"English",NULL,NULL,NULL,6463,"Aleph Number: <num type=\"aleph\">003851089</num>

OCLC Number: <num type=\"oclc\">962329817</num>",0,"admin","admin","2016-12-15 14:58:21","2017-07-13 22:14:21","2016-12-15 14:58:21",0,NULL,NULL
230,0,1,2,NULL,"Ernest K. Gann papers","[\"M3008\",null,null,null]",515,889,NULL,NULL,1,0,NULL,"M3008",NULL,"Guide to the Ernest K. Gann papers <num>M3008</num>",NULL,"March 4, 2013","Mary Cordaro",1791,"English",NULL,NULL,NULL,342,NULL,0,"admin","admin","2017-01-13 18:00:04","2017-07-13 22:14:21","2017-01-13 18:00:04",0,NULL,NULL
231,0,1,2,NULL,"Indexing records","[\"INDEX\",null,null,null]",515,889,NULL,NULL,1,0,NULL,NULL,NULL,"Guide to the....",NULL,NULL,NULL,338,"English",NULL,NULL,NULL,342,NULL,0,"admin","admin","2017-01-18 16:01:06","2017-07-13 22:14:21","2017-01-18 16:01:06",0,NULL,NULL
232,0,1,2,NULL,"Records and Correspondence regarding Delaware Indians, 1801-1905","[\"RH MS C36\",null,null,null]",NULL,889,NULL,NULL,1,0,NULL,"ksrl.kc.adamsrichard","http://hdl.handle.net/10407/0068259387","Guide to the Richard Calmit Adams Collection",NULL,"2004","pg, August 1975",NULL,"Finding aid written in<language> English.</language>",NULL,NULL,NULL,6217,NULL,0,"admin","admin","2017-01-18 17:49:16","2017-07-13 22:14:21","2017-01-18 17:49:16",0,"Records and Correspondence regarding Delaware Indians, 1801-1905",NULL
233,1,1,2,NULL,"Test Resource for AS Import1","[\"Test127890\",null,null,null]",515,889,NULL,NULL,1,0,NULL,"testimport1",NULL,"test-import1",NULL,NULL,NULL,NULL,"<language langcode=\"eng\" encodinganalog=\"Language\">English</language>",NULL,NULL,NULL,6554,NULL,0,"admin","admin","2017-01-18 17:53:13","2017-07-13 22:14:21","2017-01-18 17:53:50",0,NULL,NULL
234,0,1,2,NULL,"DO Transfer record","[\"DOTRANS\",\"RES\",null,null]",515,889,NULL,NULL,1,0,NULL,NULL,NULL,"Guide to the....",NULL,NULL,NULL,338,"English",NULL,NULL,NULL,342,NULL,0,"admin","admin","2017-01-18 19:37:26","2017-07-13 22:14:21","2017-01-18 19:37:26",0,NULL,NULL
235,0,1,3,NULL,"Alex Harris photographs-steady","[\"RL098345\",null,null,null]",515,889,NULL,NULL,1,0,NULL,"harrisalex-STEADY",NULL,"Guide to the Alex Harris Photographs-steady",NULL,NULL,NULL,NULL,"<language langcode=\"eng\" encodinganalog=\"Language\">English</language>",NULL,NULL,NULL,6554,NULL,0,"admin","admin","2017-01-18 20:41:34","2017-07-13 22:14:21","2017-01-18 20:41:34",0,NULL,NULL
236,0,1,2,NULL,"Testing some date stuff","[\"DATES\",null,null,null]",515,889,NULL,NULL,1,0,NULL,NULL,NULL,"Guide to the....",NULL,NULL,NULL,338,"English",NULL,NULL,NULL,342,NULL,0,"admin","admin","2017-01-18 21:17:45","2017-07-13 22:14:21","2017-01-18 21:17:45",0,NULL,NULL
237,0,1,2,NULL,"Test Resource for AS Import1","[\"RL.1\",null,null,null]",515,889,NULL,NULL,1,0,NULL,"testimport9",NULL,"test-import1",NULL,NULL,NULL,NULL,"<language langcode=\"eng\" encodinganalog=\"Language\">English</language>",NULL,NULL,NULL,6554,NULL,0,"admin","admin","2017-01-19 16:29:56","2017-07-13 22:14:21","2017-01-19 16:29:56",0,NULL,NULL
238,1,1,2,NULL,"NOTE import test","[\"RL.12345\",null,null,null]",515,889,NULL,NULL,1,0,NULL,"testimport20oldone",NULL,"test-import1",NULL,NULL,NULL,NULL,"<language langcode=\"eng\" encodinganalog=\"Language\">English</language>",NULL,NULL,NULL,6554,NULL,0,"admin","admin","2017-01-19 16:33:21","2017-07-13 22:14:21","2017-01-26 00:57:34",0,NULL,NULL
239,0,1,2,NULL,"Records of the Program in Archival Management","[\"RG 20.3\",null,null,null]",515,889,NULL,NULL,1,0,NULL,"archives",NULL,"Guide to the Records of the Program in Archival Management

<date>1978-1994 </date>

<num>RG 20.3</num>",NULL,NULL,"Finding aid prepared by Inventory prepared by Annie Grunow",NULL,"Description is in <language langcode=\"eng\" encodinganalog=\"546\">English</language>.",NULL,NULL,NULL,6581,NULL,0,"admin","admin","2017-01-20 17:48:01","2017-07-13 22:14:21","2017-01-20 17:48:01",0,NULL,NULL
241,2,1,2,NULL,"New Resource for AR-1562","[\"AR-1562\",null,null,null]",515,889,NULL,NULL,1,0,NULL,NULL,NULL,"Guide to the....",NULL,NULL,NULL,338,"English",NULL,NULL,NULL,342,NULL,0,"admin","admin","2017-01-23 19:06:08","2017-07-13 22:14:21","2017-01-23 19:18:15",1,NULL,NULL
242,0,1,2,NULL,"Suppress This.","[\"666-2017-666\",null,null,null]",515,889,NULL,332,1,0,NULL,NULL,NULL,"Guide to the....",NULL,NULL,NULL,338,"English",NULL,NULL,NULL,342,NULL,0,"admin","admin","2017-01-23 22:04:13","2017-07-13 22:14:21","2017-01-23 22:04:13",1,NULL,NULL
247,0,1,2,NULL,"NOTE import test","[\"RL.12345newone\",null,null,null]",515,889,NULL,NULL,1,0,NULL,"testimport20",NULL,"test-import1",NULL,NULL,NULL,NULL,"<language langcode=\"eng\" encodinganalog=\"Language\">English</language>",NULL,NULL,NULL,6554,NULL,0,"admin","admin","2017-01-26 00:57:56","2017-07-13 22:14:21","2017-01-26 00:57:56",0,NULL,NULL
248,0,1,2,NULL,"Kincaid Family papers, 1867-1913. : [manuscript]","[\"MS5058\",null,null,null]",846,892,NULL,NULL,0,0,NULL,NULL,NULL,NULL,NULL,NULL,NULL,NULL,NULL,NULL,NULL,NULL,NULL,NULL,0,"cdibella","cdibella","2017-01-26 13:39:00","2017-07-13 22:14:21","2017-01-26 13:39:00",0,NULL,NULL
250,0,1,2,NULL,"Records of <title render=\"italic\">New Perspectives on Caribbean Studies: Toward the 21st Century and Prospects for Caribbean Basin Integration</title> 

(Conference held at Hunter College, CUNY, August 28-September 1, 1984)","[\"RISM RG 16 (j)\",null,null,null]",515,889,NULL,NULL,1,0,NULL,"1984",NULL,"RISM Collections at New York University



Conferences



Guide to the Records of <emph render=\"italic\">New Perspectives on Caribbean Studies: Toward the 21st Century and Prospects for Caribbean Basin Integration</emph>

(Conference held at Hunter College, CUNY, August 28-September 1, 1984)

<num>RISM RG 16 (j)</num>",NULL,"2009","Finding aid prepared by Emilyn L. Brown, December 2005 Revised by Siobhan Aitchison, April 2010. Inventory updated by Katie Ehrlich and Stephanie Schmeling, October 2010.",NULL,"Description in <language langcode=\"eng\" encodinganalog=\"546\">English</language>.",NULL,"This version was derived from 1984 finding aid.doc",NULL,NULL,NULL,0,"cdibella","cdibella","2017-01-26 13:48:13","2017-07-13 22:14:21","2017-01-26 13:48:13",0,NULL,NULL
251,0,1,2,NULL,"NOTE import test","[\"RL.12345reallynewone\",null,null,null]",515,889,NULL,NULL,1,0,NULL,"testimport20postfix",NULL,"test-import1",NULL,NULL,NULL,NULL,"<language langcode=\"eng\" encodinganalog=\"Language\">English</language>",NULL,NULL,NULL,6554,NULL,0,"cdibella","cdibella","2017-01-26 14:12:49","2017-07-13 22:14:21","2017-01-26 14:12:49",0,NULL,NULL
253,0,1,2,NULL,"NOTE import test","[\"RL.12345Jan27\",null,null,null]",515,889,NULL,NULL,1,0,NULL,"testimport20Jan27",NULL,"test-import1",NULL,NULL,NULL,NULL,"<language langcode=\"eng\" encodinganalog=\"Language\">English</language>",NULL,NULL,NULL,6554,NULL,0,"admin","admin","2017-01-27 18:50:20","2017-07-13 22:14:21","2017-01-27 18:50:20",0,NULL,NULL
254,2,1,2,NULL,"Christopher Durang papers","[\"AN\",null,null,null]",515,889,NULL,334,0,0,NULL,"hou02662",NULL,"Christopher Durang papers, 1957-2013 (MS Thr 1379): Guide","Durang, Christopher, 1949- . Christopher Durang papers, 1957-2013 (MS Thr 1379): Guide","2016 November 5","Adrien Hilton",338,"English",NULL,NULL,NULL,342,NULL,0,"admin","admin","2017-02-02 19:47:31","2017-07-13 22:14:21","2017-02-02 19:53:57",0,NULL,NULL
255,1,1,2,NULL,"I have instances!","[\"I\",\"1\",\"L\",\"2\"]",515,889,NULL,332,1,0,NULL,NULL,NULL,"Guide to the....",NULL,NULL,NULL,338,"English",NULL,NULL,NULL,342,NULL,0,"admin","admin","2017-02-08 03:55:09","2017-07-13 22:14:21","2017-02-08 03:56:33",0,NULL,NULL
256,2,1,2,NULL,"Emerson portraits","[\"MS Am vicki\",null,null,null]",NULL,889,NULL,NULL,0,0,NULL,NULL,NULL,"Ralph W. Emerson portraits and drafts of Emerson's essays and monographs.","Emerson, Ralph W.",NULL,NULL,NULL,NULL,NULL,NULL,NULL,NULL,NULL,0,"admin","admin","2017-02-08 16:04:02","2017-07-13 22:14:21","2017-02-08 16:38:31",0,NULL,NULL
257,1,1,2,NULL,"Massachusetts Institute of Technology Logarhythms records","[\"AC.0583\",null,null,null]",515,889,NULL,NULL,0,0,NULL,"AC 583","http://libraries.mit.edu/archives/research/collections-ac/ac583.html","Guide to the MIT Logarhythms Records <num>AC.0583</num>",NULL,NULL,NULL,NULL,NULL,NULL,NULL,NULL,341,NULL,0,"admin","admin","2017-02-10 20:18:05","2017-07-13 22:14:21","2017-02-14 20:55:49",0,NULL,NULL
258,0,1,12,NULL,"Aaron Copland Collection","[\"ML31.C7\",null,null,null]",515,889,NULL,NULL,1,0,NULL,"http://hdl.loc.gov/loc.music/eadmus.mu002006",NULL,"Guides to Special Collections in the Music Division of the Library of Congress",NULL,"2005","Processed by the Music Division of the Library of Congress",NULL,"Finding aid written in<language langcode=\"eng\" encodinganalog=\"041\">English</language>",NULL,NULL,"<titleproper>Guides to Special Collections in the Music Division of the Library of Congress</titleproper>",NULL,"Contact information: <extref xmlns:xlink=\"http://www.w3.org/1999/xlink\" xlink:type=\"simple\" xlink:show=\"new\" xlink:actuate=\"onRequest\" xlink:href=\"http://hdl.loc.gov/loc.music/perform.contact\">http://hdl.loc.gov/loc.music/perform.contact</extref>Catalog Record: <extref xmlns:xlink=\"http://www.w3.org/1999/xlink\" xlink:href=\"http://lccn.loc.gov/2003561015\" xlink:actuate=\"onRequest\" xlink:title=\"MARC record for collection\" xlink:type=\"simple\">http://lccn.loc.gov/2003561015</extref>",0,"admin","admin","2017-02-15 00:16:40","2017-07-13 22:14:21","2017-02-15 00:16:40",0,NULL,NULL
259,0,1,13,NULL,"Lillian Herlands Hornstein Papers","[\"MC 140\",null,null,null]",515,889,NULL,NULL,1,0,NULL,"hornstein",NULL,"Guide to the Lillian Herlands Hornstein Papers

<date>1930-1980 </date>

<num>MC 140</num>",NULL,NULL,"Finding aid prepared by Processed by Ariana Huberman",NULL,"Description is in <language langcode=\"eng\" encodinganalog=\"546\">English</language>.",NULL,"This version was derived from hornst01ES.xml.",NULL,6581,NULL,0,"admin","admin","2017-02-15 03:35:33","2017-07-13 22:14:21","2017-02-15 03:35:33",0,NULL,NULL
261,0,1,2,NULL,"Lillian Herlands Hornstein Papers","[\"MC 140\",null,null,null]",515,889,NULL,NULL,1,0,NULL,"hornstein",NULL,"Guide to the Lillian Herlands Hornstein Papers <date>1930-1980 </date> <num>MC 140</num> <num>MC 140</num>",NULL,NULL,"Finding aid prepared by Processed by Ariana Huberman",NULL,"Description is in <language langcode=\"eng\" encodinganalog=\"546\">English</language>.",NULL,"This version was derived from hornst01ES.xml.",NULL,6581,NULL,0,"admin","admin","2017-02-17 05:51:15","2017-07-13 22:14:21","2017-02-17 05:51:15",0,NULL,NULL
263,0,1,2,NULL,"merge record test pt 2","[\"Merge\",\"2\",null,null]",515,889,NULL,NULL,1,0,NULL,NULL,NULL,"Guide to the merge test 2",NULL,NULL,NULL,338,"English",NULL,NULL,NULL,342,NULL,0,"admin","admin","2017-03-03 23:12:28","2017-07-13 22:14:21","2017-03-03 23:12:28",0,NULL,NULL
264,0,1,2,NULL,"T-t-t-esting","[\"TTT\",null,null,null]",515,889,NULL,332,1,0,NULL,NULL,NULL,"Guide to the....",NULL,NULL,NULL,338,"English",NULL,NULL,NULL,342,NULL,0,"admin","admin","2017-03-04 04:19:43","2017-07-13 22:14:21","2017-03-04 04:19:43",0,NULL,NULL
265,0,1,2,NULL,"Rights Type field Character limit test","[\"RT12345\",null,null,null]",515,889,NULL,NULL,1,0,NULL,NULL,NULL,"Guide to the....",NULL,NULL,NULL,338,"English",NULL,NULL,NULL,342,NULL,0,"admin","admin","2017-03-17 15:23:45","2017-07-13 22:14:21","2017-03-17 15:23:45",0,NULL,NULL
267,0,1,2,NULL,"Francisco Hernandez Maydagan Papers","[\"ALBA.300\",null,null,null]",793,889,NULL,NULL,1,0,NULL,"alba_300","http://dlib.nyu.edu/findingaids/html/tamwag/alba_300/","Guide to the Francisco Hernandez Maydagan Papers <num>ALBA.300</num>",NULL,NULL,"Collection processed by Heather Mulliner",1791,"finding aid is in English",NULL,NULL,NULL,7075,NULL,0,"admin","admin","2017-03-20 19:04:21","2017-07-13 22:14:21","2017-03-20 19:04:21",0,NULL,NULL
268,4,1,2,NULL,"Mother Goose family papers","[\"nursery 1\",null,null,null]",515,889,NULL,NULL,1,0,NULL,NULL,NULL,"Guide to the Mother Goose family papers",NULL,"2017-03-20","mrk",338,"English",NULL,NULL,NULL,342,NULL,0,"admin","admin","2017-03-20 19:21:33","2017-07-13 22:14:21","2017-03-20 19:21:33",0,"Mother Goose family papers",NULL
269,8,1,2,NULL,"Mickey Mouse collection","[\"mouse 1\",null,null,null]",515,889,NULL,NULL,1,0,NULL,NULL,NULL,"Guide to the Mickey Mouse collection",NULL,"2017-03-20",NULL,338,"English",NULL,NULL,NULL,342,NULL,0,"admin","admin","2017-03-20 19:34:50","2017-07-13 22:14:21","2017-04-10 15:34:24",0,"Mickey Mouse collection",NULL
270,0,1,2,NULL,"Squirtle's life and times","[\"Level 1\",null,null,null]",515,889,NULL,NULL,1,0,NULL,NULL,NULL,"Guide to the ",NULL,NULL,NULL,338,"English",NULL,NULL,NULL,342,NULL,0,"advanceduser","advanceduser","2017-03-21 21:19:05","2017-07-13 22:14:21","2017-03-21 21:19:05",0,NULL,NULL
271,0,1,2,NULL,"Charizard's personal papers","[\"Level 3\",null,null,null]",515,889,NULL,NULL,1,0,NULL,NULL,NULL,"Guide to the ",NULL,NULL,NULL,338,"English",NULL,NULL,NULL,342,NULL,0,"advanceduser","advanceduser","2017-03-21 21:23:04","2017-07-13 22:14:21","2017-03-21 21:23:04",0,NULL,NULL
275,0,1,2,NULL,"Benjamin and Julia Stockton Rush papers","[\"RL.11044\",null,null,null]",515,889,NULL,NULL,1,0,NULL,"rushbenjaminandjulia","http://library.duke.edu/rubenstein/findingaids/rushbenjaminandjulia/","Guide to the Benjamin and Julia Stockton Rush Papers, 1766-1845 and undated <num>RL.11044</num>",NULL,"October 2015","Alice Poffinberger",1791,"English",NULL,NULL,NULL,3637,"Aleph Number: <num type=\"aleph\">002164677</num>",0,"admin","admin","2017-03-23 15:24:52","2017-07-13 22:14:21","2017-03-23 15:24:52",0,NULL,NULL
276,0,1,2,NULL,"Cyrus Adler Papers","[\"MS 3\",null,null,null]",515,889,NULL,NULL,1,0,NULL,"adler",NULL,"Guide to the Cyrus Adler Papers (includes Shorewalkers)

1952-2011

<num>MS 3</num>",NULL,NULL,"Finding aid prepared by Margaret Kaczorowski",1791,"Description is in English",NULL,NULL,NULL,NULL,NULL,0,"admin","admin","2017-03-23 17:26:17","2017-07-13 22:14:21","2017-03-23 17:26:17",0,NULL,NULL
278,0,1,2,NULL,"Kathleen Hanna Papers","[\"MSS 271\",null,null,null]",515,889,NULL,NULL,1,0,NULL,"hanna",NULL,"Guide to the Kathleen Hanna Papers

1988-2005

<num>MSS 271</num>",NULL,NULL,"Finding aid prepared by Liza Harrell-Edge, 2011. Reprocessed by Rachel Corbman, March 2013. Zine abstracts by Nik Dragovic, 2013.",NULL,"Description is in <language langcode=\"eng\" encodinganalog=\"546\">English</language>.",NULL,NULL,NULL,3449,NULL,0,"admin","admin","2017-03-24 18:13:13","2017-07-13 22:14:21","2017-03-24 18:13:13",0,NULL,NULL
279,0,1,2,NULL,"Conservatorio de Música Alfredo Levy collection","[\"MSS 443 large\",null,null,null]",793,889,NULL,NULL,1,0,NULL,NULL,NULL,"Finding aid for the Conservatorio de Música Alfredo Levy collection <num>MSS 443 large</num>",NULL,"December 2015","Lydia Tang",1791,NULL,NULL,NULL,NULL,341,NULL,0,"admin","admin","2017-03-26 23:29:39","2017-07-13 22:14:21","2017-03-26 23:29:39",0,NULL,NULL
280,6,1,2,NULL,"Blair Joyner Hill Papers","[\"NC 00001\",null,null,null]",515,889,NULL,334,1,0,NULL,"nc00001",NULL,"Guide to the Blair Joyner Hill Papers",NULL,NULL,"Emerson Long",338,"English",NULL,NULL,NULL,342,NULL,0,"admin","admin","2017-03-30 14:07:36","2017-07-13 22:14:21","2017-04-10 20:14:01",0,NULL,NULL
281,0,1,2,NULL,"Oscar Bluemner painting diary","[\"imported-304e1bf1-021e-4bbd-b1f2-0176ec0edea3\",null,null,null]",683,889,NULL,NULL,0,0,NULL,NULL,NULL,NULL,NULL,NULL,NULL,336,NULL,NULL,NULL,NULL,NULL,NULL,0,"admin","admin","2017-03-31 20:17:48","2017-07-13 22:14:21","2017-03-31 20:17:48",0,NULL,NULL
282,0,1,2,NULL,"New resource","[\"NEWRES\",null,null,null]",515,889,NULL,NULL,1,0,NULL,NULL,NULL,"Guide to the ",NULL,NULL,NULL,338,"English",NULL,NULL,NULL,342,NULL,0,"admin","admin","2017-04-04 17:02:13","2017-07-13 22:14:21","2017-04-04 17:02:13",0,NULL,NULL
284,0,1,11,NULL,"Test & Junk","[\"wergsrg\",null,null,null]",515,889,NULL,NULL,1,0,NULL,NULL,NULL,NULL,NULL,NULL,NULL,NULL,NULL,NULL,NULL,NULL,NULL,NULL,0,"admin","admin","2017-04-06 16:50:35","2017-07-13 22:14:21","2017-04-06 16:50:35",0,NULL,NULL
285,0,1,2,NULL,"Julien D. Cornell papers","[\"DG 10\",null,null,null]",515,889,NULL,NULL,0,0,NULL,NULL,NULL,NULL,NULL,NULL,NULL,338,NULL,NULL,NULL,NULL,NULL,NULL,0,"admin","admin","2017-04-06 18:11:22","2017-07-13 22:14:21","2017-04-06 18:11:22",0,NULL,NULL
286,0,1,2,NULL,"New accession spawn","[\"Spawned\",null,null,null]",NULL,889,NULL,NULL,1,0,NULL,NULL,NULL,NULL,NULL,NULL,NULL,NULL,NULL,NULL,NULL,NULL,NULL,NULL,0,"admin","admin","2017-04-07 13:09:55","2017-07-13 22:14:21","2017-04-07 13:09:55",0,NULL,NULL
288,0,1,2,NULL,"YMCA Buffalo &amp; Niagara records","[\"MS 170\",null,null,null]",515,889,NULL,NULL,1,0,NULL,"ubar_ms0170",NULL,"Finding Aid for the YMCA Buffalo Niagara Records <num>MS 170</num>","YMCA Buffalo Niagara Records",NULL,"Finding aid prepared by Karen Spencer.",1791,"English",NULL,NULL,NULL,342,NULL,0,"admin","admin","2017-04-07 18:32:42","2017-07-13 22:14:21","2017-04-07 18:32:42",0,NULL,NULL
290,3,1,18,NULL,"Council on Social Work Education records","[\"SW 90\",null,null,null]",515,889,NULL,NULL,0,0,NULL,"sw0090",NULL,"Council on Social Work Education records, 1919-1979 (bulk 1953-1975) <num>SW 90</num>",NULL,"May 2004",NULL,NULL,"<language encodinganalog=\"Language\" langcode=\"eng\">English</language>",NULL,NULL,NULL,NULL,NULL,0,"admin","admin","2017-04-11 16:17:19","2017-07-13 22:14:21","2017-04-11 16:57:58",0,NULL,NULL
291,1,1,18,NULL,"TEst","[\"123\",null,null,null]",515,889,NULL,332,0,0,NULL,NULL,NULL,NULL,NULL,NULL,NULL,NULL,NULL,NULL,NULL,NULL,NULL,NULL,0,"admin","admin","2017-04-11 16:38:02","2017-07-13 22:14:21","2017-04-11 16:45:40",0,NULL,NULL
292,2,1,2,NULL,"Secret agent test","[\"FHL\",\"001\",null,null]",515,889,NULL,NULL,1,0,NULL,NULL,NULL,"Guide to the ",NULL,NULL,NULL,338,"English",NULL,NULL,NULL,342,NULL,0,"admin","admin","2017-04-13 19:14:24","2017-07-13 22:14:21","2017-04-27 17:51:51",0,NULL,NULL
293,0,1,7,NULL,"Title","[\"ID\",null,null,null]",NULL,889,NULL,NULL,1,0,NULL,NULL,NULL,NULL,NULL,NULL,NULL,NULL,NULL,NULL,NULL,NULL,NULL,NULL,0,"admin","admin","2017-04-14 17:03:16","2017-07-13 22:14:21","2017-04-14 17:03:16",0,NULL,NULL
294,0,1,2,NULL,"Lots of notes","[\"NOTEY\",\"NOTE\",null,null]",515,889,NULL,NULL,1,0,NULL,NULL,NULL,"Guide to the ",NULL,NULL,NULL,338,"English",NULL,NULL,NULL,342,NULL,0,"admin","admin","2017-04-20 14:10:07","2017-07-13 22:14:21","2017-04-20 14:10:07",0,NULL,NULL
298,2,1,2,NULL,"Samuel Leyens Switzer Papers","[\"MG 37\",null,null,null]",515,889,NULL,NULL,1,0,NULL,NULL,NULL,"Samuel Leyens Switzer Papers",NULL,NULL,"Special Collections Staff",NULL,"English",NULL,NULL,NULL,NULL,NULL,0,"admin","admin","2017-04-25 16:03:42","2017-07-13 22:14:21","2017-04-25 16:11:45",0,NULL,NULL
300,0,1,2,NULL,"Ltp For Aspace Test","[\"Sc-07 Test Test\",null,null,null]",515,889,NULL,NULL,1,0,NULL,NULL,NULL,"Ltp For Aspace Test","Aspace, Ltp Test",NULL,"Cyt, Vmfa Archivist",7735,"English",NULL,NULL,NULL,NULL,NULL,0,"admin","admin","2017-05-03 02:55:07","2017-07-13 22:14:21","2017-05-03 02:55:07",0,NULL,NULL
