id,"session_id","system_mtime",expirable,"session_data"
369251,"ab0a52a07d11d4233ea517bbc4689cbb7abc21dc","2017-07-13 22:32:24",0,"BAh7CDoJdXNlckkiE3NlYXJjaF9pbmRleGVyBjoGRVQ6D2xvZ2luX3RpbWVJ
dToJVGltZQ22WR2A+8jKQAg6DXN1Ym1pY3JvIgYAOgtvZmZzZXRp/sDHOgl6
b25lSSIIRURUBjsGVDoOZXhwaXJhYmxlRg==
"
369252,"ab33cf69083cd6b643f002304557baeca13c2215","2017-07-13 22:32:04",0,"BAh7CDoJdXNlckkiE3NlYXJjaF9pbmRleGVyBjoGRVQ6D2xvZ2luX3RpbWVJ
dToJVGltZQ22WR2Ad2obQQg6DXN1Ym1pY3JvIgYAOgtvZmZzZXRp/sDHOgl6
b25lSSIIRURUBjsGVDoOZXhwaXJhYmxlRg==
"
369253,"d2e3e0423e48001849b91a0ed606d843079c673f","2017-07-13 22:32:19",0,"BAh7CDoJdXNlckkiEXN0YWZmX3N5c3RlbQY6BkVUOg9sb2dpbl90aW1lSXU6
CVRpbWUNtlkdgGhlR0IIOg1zdWJtaWNybyIGADoLb2Zmc2V0af7AxzoJem9u
ZUkiCEVEVAY7BlQ6DmV4cGlyYWJsZUY=
"
369254,"c8266a596e1f864a13194c0dd8debe38ce0d8d44","2017-07-13 22:32:24",0,"BAh7CDoJdXNlckkiE3NlYXJjaF9pbmRleGVyBjoGRVQ6D2xvZ2luX3RpbWVJ
dToJVGltZQ22WR2Av6WqQgg6DXN1Ym1pY3JvIgYAOgtvZmZzZXRp/sDHOgl6
b25lSSIIRURUBjsGVDoOZXhwaXJhYmxlRg==
"
369256,"34118c49df2f2120823549ea0c89c27e13564900","2017-07-13 22:27:49",0,"BAh7CDoJdXNlckkiFXB1YmxpY19hbm9ueW1vdXMGOgZFVDoPbG9naW5fdGlt
ZUl1OglUaW1lDbZZHYBILZttCDoNc3VibWljcm8iBgA6C29mZnNldGn+wMc6
CXpvbmVJIghFRFQGOwZUOg5leHBpcmFibGVG
"
369257,"a97e0e780fbe4979085e6b9674bfdcd4a6f9afb8","2017-07-13 22:27:44",0,"BAh7CDoJdXNlckkiFXB1YmxpY19hbm9ueW1vdXMGOgZFVDoPbG9naW5fdGlt
ZUl1OglUaW1lDbZZHYCdS45uCDoNc3VibWljcm8iBgA6C29mZnNldGn+wMc6
CXpvbmVJIghFRFQGOwZUOg5leHBpcmFibGVG
"
369258,"dac917012effa86ed96f1a674826ea673cf94d3a","2017-07-13 22:35:16",0,"BAh7CDoJdXNlckkiE3NlYXJjaF9pbmRleGVyBjoGRVQ6D2xvZ2luX3RpbWVJ
dToJVGltZQ22WR2ATPXqhQg6DXN1Ym1pY3JvIgYAOgtvZmZzZXRp/sDHOgl6
b25lSSIIRURUBjsGVDoOZXhwaXJhYmxlRg==
"
369259,"8d4106bfe1b7b4bb789c4163ec350bce8b6c09cb","2017-07-13 22:34:56",0,"BAh7CDoJdXNlckkiE3NlYXJjaF9pbmRleGVyBjoGRVQ6D2xvZ2luX3RpbWVJ
dToJVGltZQ22WR2As7o6hgg6DXN1Ym1pY3JvIgYAOgtvZmZzZXRp/sDHOgl6
b25lSSIIRURUBjsGVDoOZXhwaXJhYmxlRg==
"
369260,"0bdc10898b83d1bb3ef943d4193199572ca33e94","2017-07-13 22:35:16",0,"BAh7CDoJdXNlckkiEXN0YWZmX3N5c3RlbQY6BkVUOg9sb2dpbl90aW1lSXU6
CVRpbWUNtlkdgNDBW4cIOg1zdWJtaWNybyIGADoLb2Zmc2V0af7AxzoJem9u
ZUkiCEVEVAY7BlQ6DmV4cGlyYWJsZUY=
"
369261,"00adba4c142a622243eaa45540394c7a63b9c144","2017-07-13 22:35:21",0,"BAh7CDoJdXNlckkiE3NlYXJjaF9pbmRleGVyBjoGRVQ6D2xvZ2luX3RpbWVJ
dToJVGltZQ22WR2ANmMKiAg6DXN1Ym1pY3JvIgYAOgtvZmZzZXRp/sDHOgl6
b25lSSIIRURUBjsGVDoOZXhwaXJhYmxlRg==
"
369262,"8bfe5291aade307234862dc7507d743ddd0d6928","2017-07-13 22:34:51",0,"BAh7CDoJdXNlckkiFXB1YmxpY19hbm9ueW1vdXMGOgZFVDoPbG9naW5fdGlt
ZUl1OglUaW1lDbZZHYCWzvqJCDoNc3VibWljcm8iBgA6C29mZnNldGn+wMc6
CXpvbmVJIghFRFQGOwZUOg5leHBpcmFibGVG
"
369263,"fe1166b512c7ff6b2efeeaa6e03597819792fdfd","2017-07-13 22:34:46",0,"BAh7CDoJdXNlckkiFXB1YmxpY19hbm9ueW1vdXMGOgZFVDoPbG9naW5fdGlt
ZUl1OglUaW1lDbZZHYAypZmKCDoNc3VibWljcm8iBgA6C29mZnNldGn+wMc6
CXpvbmVJIghFRFQGOwZUOg5leHBpcmFibGVG
"
369264,"c2253d3be01a90641249612d31e43d57573c27fa","2017-07-14 13:57:08",0,"BAh7CDoJdXNlckkiE3NlYXJjaF9pbmRleGVyBjoGRVQ6D2xvZ2luX3RpbWVJ
dToJVGltZQ3NWR2A97w9aQg6DXN1Ym1pY3JvIgYAOgtvZmZzZXRp/sDHOgl6
b25lSSIIRURUBjsGVDoOZXhwaXJhYmxlRg==
"
369265,"99cbd26399a1ae00cc2179c3ee23c0ef04857d3f","2017-07-14 13:57:03",0,"BAh7CDoJdXNlckkiE3NlYXJjaF9pbmRleGVyBjoGRVQ6D2xvZ2luX3RpbWVJ
dToJVGltZQ3NWR2AWHGNaQg6DXN1Ym1pY3JvIgYAOgtvZmZzZXRp/sDHOgl6
b25lSSIIRURUBjsGVDoOZXhwaXJhYmxlRg==
"
369266,"3131441e0f32324b69c5f030a7aa28d101ec5413","2017-07-14 13:57:18",0,"BAh7CDoJdXNlckkiEXN0YWZmX3N5c3RlbQY6BkVUOg9sb2dpbl90aW1lSXU6
CVRpbWUNzVkdgMYmqWoIOg1zdWJtaWNybyIGADoLb2Zmc2V0af7AxzoJem9u
ZUkiCEVEVAY7BlQ6DmV4cGlyYWJsZUY=
"
369267,"f425dc81e53f779899f2da4fbfce371fe47c96bf","2017-07-14 13:57:23",0,"BAh7CDoJdXNlckkiE3NlYXJjaF9pbmRleGVyBjoGRVQ6D2xvZ2luX3RpbWVJ
dToJVGltZQ3NWR2AgdEcawg6DXN1Ym1pY3JvIgYAOgtvZmZzZXRp/sDHOgl6
b25lSSIIRURUBjsGVDoOZXhwaXJhYmxlRg==
"
369269,"8281a812bb42a618bf7c2a8c4b68d3202a596517","2017-07-14 13:32:19",0,"BAh7CDoJdXNlckkiFXB1YmxpY19hbm9ueW1vdXMGOgZFVDoPbG9naW5fdGlt
ZUl1OglUaW1lDc1ZHYB/EJpsCDoNc3VibWljcm8iBgA6C29mZnNldGn+wMc6
CXpvbmVJIghFRFQGOwZUOg5leHBpcmFibGVG
"
369270,"ca8fc2d70e4ee729a9e57f4685920f00e9ca5762","2017-07-14 13:27:24",0,"BAh7CDoJdXNlckkiFXB1YmxpY19hbm9ueW1vdXMGOgZFVDoPbG9naW5fdGlt
ZUl1OglUaW1lDc1ZHYCfMT9tCDoNc3VibWljcm8iBgA6C29mZnNldGn+wMc6
CXpvbmVJIghFRFQGOwZUOg5leHBpcmFibGVG
"
369271,"be679d6ba115a515749ada7bd9245170a2bd6678","2017-07-14 16:08:37",0,"BAh7CDoJdXNlckkiE3NlYXJjaF9pbmRleGVyBjoGRVQ6D2xvZ2luX3RpbWVJ
dToJVGltZQ3PWR2AAweKkQg6DXN1Ym1pY3JvIgYAOgtvZmZzZXRp/sDHOgl6
b25lSSIIRURUBjsGVDoOZXhwaXJhYmxlRg==
"
369272,"ab5871c2638da74bc953cd065fda2cef60ce3088","2017-07-14 16:08:57",0,"BAh7CDoJdXNlckkiE3NlYXJjaF9pbmRleGVyBjoGRVQ6D2xvZ2luX3RpbWVJ
dToJVGltZQ3PWR2AgiHbkQg6DXN1Ym1pY3JvIgYAOgtvZmZzZXRp/sDHOgl6
b25lSSIIRURUBjsGVDoOZXhwaXJhYmxlRg==
"
369273,"bc241a722699461f5389da1a3415ecd8cab80555","2017-07-14 16:08:57",0,"BAh7CDoJdXNlckkiEXN0YWZmX3N5c3RlbQY6BkVUOg9sb2dpbl90aW1lSXU6
CVRpbWUNz1kdgLwbFpMIOg1zdWJtaWNybyIGADoLb2Zmc2V0af7AxzoJem9u
ZUkiCEVEVAY7BlQ6DmV4cGlyYWJsZUY=
"
369275,"fab72cfff12bb85e3166a3eda302f67feed6225c","2017-07-14 16:08:57",0,"BAh7CDoJdXNlckkiE3NlYXJjaF9pbmRleGVyBjoGRVQ6D2xvZ2luX3RpbWVJ
dToJVGltZQ3PWR2A1t9pkwg6DXN1Ym1pY3JvIgYAOgtvZmZzZXRp/sDHOgl6
b25lSSIIRURUBjsGVDoOZXhwaXJhYmxlRg==
"
369276,"c032c133877926ba12c39d0818968fc16b053887","2017-07-14 15:54:52",0,"BAh7CDoJdXNlckkiFXB1YmxpY19hbm9ueW1vdXMGOgZFVDoPbG9naW5fdGlt
ZUl1OglUaW1lDc9ZHYB5IYaVCDoNc3VibWljcm8iBgA6C29mZnNldGn+wMc6
CXpvbmVJIghFRFQGOwZUOg5leHBpcmFibGVG
"
369277,"bde180e574b41133a30e98cbd3dc3ae16bdcdf59","2017-07-14 15:37:39",0,"BAh7CDoJdXNlckkiFXB1YmxpY19hbm9ueW1vdXMGOgZFVDoPbG9naW5fdGlt
ZUl1OglUaW1lDc9ZHYDKPECWCDoNc3VibWljcm8iBgA6C29mZnNldGn+wMc6
CXpvbmVJIghFRFQGOwZUOg5leHBpcmFibGVG
"
369278,"a504cddcffc9fa9dd8fe84f78af3b19bd60c9628","2017-07-14 17:47:41",0,"BAh7CDoJdXNlckkiE3NlYXJjaF9pbmRleGVyBjoGRVQ6D2xvZ2luX3RpbWVJ
dToJVGltZQ3QWR2A8zXUjQg6DXN1Ym1pY3JvIgYAOgtvZmZzZXRp/sDHOgl6
b25lSSIIRURUBjsGVDoOZXhwaXJhYmxlRg==
"
369279,"75113714535935dc95c923eb5cef2f5339b3f6be","2017-07-14 17:47:01",0,"BAh7CDoJdXNlckkiE3NlYXJjaF9pbmRleGVyBjoGRVQ6D2xvZ2luX3RpbWVJ
dToJVGltZQ3QWR2AXqEjjgg6DXN1Ym1pY3JvIgYAOgtvZmZzZXRp/sDHOgl6
b25lSSIIRURUBjsGVDoOZXhwaXJhYmxlRg==
"
369280,"1bd2040cfa40f84d785c6b56403a3b0723a10086","2017-07-14 17:47:41",0,"BAh7CDoJdXNlckkiEXN0YWZmX3N5c3RlbQY6BkVUOg9sb2dpbl90aW1lSXU6
CVRpbWUN0FkdgGZBP48IOg1zdWJtaWNybyIGADoLb2Zmc2V0af7AxzoJem9u
ZUkiCEVEVAY7BlQ6DmV4cGlyYWJsZUY=
"
369281,"92dad2e5011ed46a79304443eea38cc76596e2c6","2017-07-14 16:40:39",1,"BAh7CDoJdXNlckkiCmFkbWluBjoGRVQ6D2xvZ2luX3RpbWVJdToJVGltZQ3Q
WR2AGA2fjwg6DXN1Ym1pY3JvIgYAOgtvZmZzZXRp/sDHOgl6b25lSSIIRURU
BjsGVDoOZXhwaXJhYmxlVA==
"
369282,"b5795b2cf7da83f7d46d4f77bece2079bbb7b4fa","2017-07-14 17:47:41",0,"BAh7CDoJdXNlckkiE3NlYXJjaF9pbmRleGVyBjoGRVQ6D2xvZ2luX3RpbWVJ
dToJVGltZQ3QWR2A1QKzjwg6DXN1Ym1pY3JvIgYAOgtvZmZzZXRp/sDHOgl6
b25lSSIIRURUBjsGVDoOZXhwaXJhYmxlRg==
"
369283,"435192f4ae779ec4d91b292c1092b79711765106","2017-07-14 16:36:23",0,"BAh7CDoJdXNlckkiFXB1YmxpY19hbm9ueW1vdXMGOgZFVDoPbG9naW5fdGlt
ZUl1OglUaW1lDdBZHYB9PQCRCDoNc3VibWljcm8iBgA6C29mZnNldGn+wMc6
CXpvbmVJIghFRFQGOwZUOg5leHBpcmFibGVG
"
